0 verbose cli /usr/local/bin/node /usr/local/bin/npm
1 info using npm@11.6.2
2 info using node@v24.12.0
3 silly config load:file:/usr/local/lib/node_modules/npm/npmrc
4 silly config load:file:/Users/bhaeesma/Desktop/Luxury-Linkage/.npmrc
5 silly config load:file:/Users/bhaeesma/.npmrc
6 silly config load:file:/usr/local/etc/npmrc
7 verbose title npm install
8 verbose argv "install" "--cache" "./.npm-cache"
9 verbose logfile logs-max:10 dir:/Users/bhaeesma/Desktop/Luxury-Linkage/.npm-cache/_logs/2026-01-26T07_11_18_748Z-
10 verbose logfile /Users/bhaeesma/Desktop/Luxury-Linkage/.npm-cache/_logs/2026-01-26T07_11_18_748Z-debug-0.log
11 silly logfile done cleaning log files
12 silly packumentCache heap:2348810240 maxSize:587202560 maxEntrySize:293601280
13 silly idealTree buildDeps
14 silly reify moves {}
15 silly audit bulk request {
15 silly audit   '@babel/code-frame': [ '7.27.1' ],
15 silly audit   '@babel/compat-data': [ '7.28.4' ],
15 silly audit   '@babel/core': [ '7.28.4' ],
15 silly audit   '@babel/generator': [ '7.28.3' ],
15 silly audit   '@babel/helper-compilation-targets': [ '7.27.2' ],
15 silly audit   '@babel/helper-globals': [ '7.28.0' ],
15 silly audit   '@babel/helper-module-imports': [ '7.27.1' ],
15 silly audit   '@babel/helper-module-transforms': [ '7.28.3' ],
15 silly audit   '@babel/helper-plugin-utils': [ '7.27.1' ],
15 silly audit   '@babel/helper-string-parser': [ '7.27.1' ],
15 silly audit   '@babel/helper-validator-identifier': [ '7.27.1' ],
15 silly audit   '@babel/helper-validator-option': [ '7.27.1' ],
15 silly audit   '@babel/helpers': [ '7.28.4' ],
15 silly audit   '@babel/parser': [ '7.28.4' ],
15 silly audit   '@babel/plugin-transform-react-jsx-self': [ '7.27.1' ],
15 silly audit   '@babel/plugin-transform-react-jsx-source': [ '7.27.1' ],
15 silly audit   '@babel/runtime': [ '7.28.4' ],
15 silly audit   '@babel/template': [ '7.27.2' ],
15 silly audit   '@babel/traverse': [ '7.28.4' ],
15 silly audit   '@babel/types': [ '7.28.4' ],
15 silly audit   '@date-fns/tz': [ '1.4.1' ],
15 silly audit   '@drizzle-team/brocli': [ '0.10.2' ],
15 silly audit   '@esbuild-kit/core-utils': [ '3.3.2' ],
15 silly audit   '@esbuild/android-arm': [ '0.18.20', '0.25.9' ],
15 silly audit   '@esbuild/android-arm64': [ '0.18.20', '0.25.9' ],
15 silly audit   '@esbuild/android-x64': [ '0.18.20', '0.25.9' ],
15 silly audit   '@esbuild/darwin-arm64': [ '0.18.20', '0.25.9' ],
15 silly audit   '@esbuild/darwin-x64': [ '0.18.20', '0.25.9' ],
15 silly audit   '@esbuild/freebsd-arm64': [ '0.18.20', '0.25.9' ],
15 silly audit   '@esbuild/freebsd-x64': [ '0.18.20', '0.25.9' ],
15 silly audit   '@esbuild/linux-arm': [ '0.18.20', '0.25.9' ],
15 silly audit   '@esbuild/linux-arm64': [ '0.18.20', '0.25.9' ],
15 silly audit   '@esbuild/linux-ia32': [ '0.18.20', '0.25.9' ],
15 silly audit   '@esbuild/linux-loong64': [ '0.18.20', '0.25.9' ],
15 silly audit   '@esbuild/linux-mips64el': [ '0.18.20', '0.25.9' ],
15 silly audit   '@esbuild/linux-ppc64': [ '0.18.20', '0.25.9' ],
15 silly audit   '@esbuild/linux-riscv64': [ '0.18.20', '0.25.9' ],
15 silly audit   '@esbuild/linux-s390x': [ '0.18.20', '0.25.9' ],
15 silly audit   '@esbuild/linux-x64': [ '0.18.20', '0.25.9' ],
15 silly audit   '@esbuild/netbsd-x64': [ '0.18.20', '0.25.9' ],
15 silly audit   '@esbuild/openbsd-x64': [ '0.18.20', '0.25.9' ],
15 silly audit   '@esbuild/sunos-x64': [ '0.18.20', '0.25.9' ],
15 silly audit   '@esbuild/win32-arm64': [ '0.18.20', '0.25.9' ],
15 silly audit   '@esbuild/win32-ia32': [ '0.18.20', '0.25.9' ],
15 silly audit   '@esbuild/win32-x64': [ '0.18.20', '0.25.9' ],
15 silly audit   esbuild: [ '0.18.20', '0.25.9' ],
15 silly audit   '@esbuild-kit/esm-loader': [ '2.6.5' ],
15 silly audit   '@esbuild/aix-ppc64': [ '0.25.9' ],
15 silly audit   '@esbuild/netbsd-arm64': [ '0.25.9' ],
15 silly audit   '@esbuild/openbsd-arm64': [ '0.25.9' ],
15 silly audit   '@esbuild/openharmony-arm64': [ '0.25.9' ],
15 silly audit   '@floating-ui/core': [ '1.7.3' ],
15 silly audit   '@floating-ui/dom': [ '1.7.4' ],
15 silly audit   '@floating-ui/react-dom': [ '2.1.6' ],
15 silly audit   '@floating-ui/utils': [ '0.2.10' ],
15 silly audit   '@hookform/resolvers': [ '3.10.0' ],
15 silly audit   '@jridgewell/gen-mapping': [ '0.3.13' ],
15 silly audit   '@jridgewell/remapping': [ '2.3.5' ],
15 silly audit   '@jridgewell/resolve-uri': [ '3.1.2' ],
15 silly audit   '@jridgewell/sourcemap-codec': [ '1.5.5' ],
15 silly audit   '@jridgewell/trace-mapping': [ '0.3.31' ],
15 silly audit   '@radix-ui/number': [ '1.1.1' ],
15 silly audit   '@radix-ui/primitive': [ '1.1.2', '1.1.3' ],
15 silly audit   '@radix-ui/react-accordion': [ '1.2.12' ],
15 silly audit   '@radix-ui/react-use-controllable-state': [ '1.2.2', '1.1.1' ],
15 silly audit   '@radix-ui/react-alert-dialog': [ '1.1.15' ],
15 silly audit   '@radix-ui/react-slot': [ '1.2.3', '1.2.4', '1.2.0' ],
15 silly audit   '@radix-ui/react-arrow': [ '1.1.7' ],
15 silly audit   '@radix-ui/react-aspect-ratio': [ '1.1.8' ],
15 silly audit   '@radix-ui/react-primitive': [ '2.1.4', '2.1.3', '2.0.3' ],
15 silly audit   '@radix-ui/react-avatar': [ '1.1.11' ],
15 silly audit   '@radix-ui/react-context': [ '1.1.3', '1.1.2' ],
15 silly audit   '@radix-ui/react-checkbox': [ '1.3.3' ],
15 silly audit   '@radix-ui/react-collapsible': [ '1.1.12' ],
15 silly audit   '@radix-ui/react-collection': [ '1.1.7', '1.1.3' ],
15 silly audit   '@radix-ui/react-compose-refs': [ '1.1.2' ],
15 silly audit   '@radix-ui/react-context-menu': [ '2.2.16' ],
15 silly audit   '@radix-ui/react-dialog': [ '1.1.15' ],
15 silly audit   '@radix-ui/react-direction': [ '1.1.1' ],
15 silly audit   '@radix-ui/react-dismissable-layer': [ '1.1.11', '1.1.6' ],
15 silly audit   '@radix-ui/react-dropdown-menu': [ '2.1.16' ],
15 silly audit   '@radix-ui/react-focus-guards': [ '1.1.3' ],
15 silly audit   '@radix-ui/react-focus-scope': [ '1.1.7' ],
15 silly audit   '@radix-ui/react-hover-card': [ '1.1.15' ],
15 silly audit   '@radix-ui/react-id': [ '1.1.1' ],
15 silly audit   '@radix-ui/react-label': [ '2.1.8' ],
15 silly audit   '@radix-ui/react-menu': [ '2.1.16' ],
15 silly audit   '@radix-ui/react-menubar': [ '1.1.16' ],
15 silly audit   '@radix-ui/react-navigation-menu': [ '1.2.14' ],
15 silly audit   '@radix-ui/react-popover': [ '1.1.15' ],
15 silly audit   '@radix-ui/react-popper': [ '1.2.8' ],
15 silly audit   '@radix-ui/react-portal': [ '1.1.9', '1.1.5' ],
15 silly audit   '@radix-ui/react-presence': [ '1.1.5', '1.1.3' ],
15 silly audit   '@radix-ui/react-progress': [ '1.1.8' ],
15 silly audit   '@radix-ui/react-radio-group': [ '1.3.8' ],
15 silly audit   '@radix-ui/react-roving-focus': [ '1.1.11' ],
15 silly audit   '@radix-ui/react-scroll-area': [ '1.2.10' ],
15 silly audit   '@radix-ui/react-select': [ '2.2.6' ],
15 silly audit   '@radix-ui/react-separator': [ '1.1.8' ],
15 silly audit   '@radix-ui/react-slider': [ '1.3.6' ],
15 silly audit   '@radix-ui/react-switch': [ '1.2.6' ],
15 silly audit   '@radix-ui/react-tabs': [ '1.1.13' ],
15 silly audit   '@radix-ui/react-toast': [ '1.2.7' ],
15 silly audit   '@radix-ui/react-visually-hidden': [ '1.1.3', '1.2.3' ],
15 silly audit   '@radix-ui/react-toggle': [ '1.1.10' ],
15 silly audit   '@radix-ui/react-toggle-group': [ '1.1.11' ],
15 silly audit   '@radix-ui/react-tooltip': [ '1.2.8' ],
15 silly audit   '@radix-ui/react-use-callback-ref': [ '1.1.1' ],
15 silly audit   '@radix-ui/react-use-effect-event': [ '0.0.2' ],
15 silly audit   '@radix-ui/react-use-escape-keydown': [ '1.1.1' ],
15 silly audit   '@radix-ui/react-use-is-hydrated': [ '0.1.0' ],
15 silly audit   '@radix-ui/react-use-layout-effect': [ '1.1.1' ],
15 silly audit   '@radix-ui/react-use-previous': [ '1.1.1' ],
15 silly audit   '@radix-ui/react-use-rect': [ '1.1.1' ],
15 silly audit   '@radix-ui/react-use-size': [ '1.1.1' ],
15 silly audit   '@radix-ui/rect': [ '1.1.1' ],
15 silly audit   '@replit/vite-plugin-cartographer': [ '0.4.4' ],
15 silly audit   '@replit/vite-plugin-dev-banner': [ '0.1.1' ],
15 silly audit   '@replit/vite-plugin-runtime-error-modal': [ '0.0.4' ],
15 silly audit   '@rolldown/pluginutils': [ '1.0.0-beta.43' ],
15 silly audit   '@rollup/rollup-android-arm-eabi': [ '4.52.5' ],
15 silly audit   '@rollup/rollup-android-arm64': [ '4.52.5' ],
15 silly audit   '@rollup/rollup-darwin-arm64': [ '4.52.5' ],
15 silly audit   '@rollup/rollup-darwin-x64': [ '4.52.5' ],
15 silly audit   '@rollup/rollup-freebsd-arm64': [ '4.52.5' ],
15 silly audit   '@rollup/rollup-freebsd-x64': [ '4.52.5' ],
15 silly audit   '@rollup/rollup-linux-arm-gnueabihf': [ '4.52.5' ],
15 silly audit   '@rollup/rollup-linux-arm-musleabihf': [ '4.52.5' ],
15 silly audit   '@rollup/rollup-linux-arm64-gnu': [ '4.52.5' ],
15 silly audit   '@rollup/rollup-linux-arm64-musl': [ '4.52.5' ],
15 silly audit   '@rollup/rollup-linux-loong64-gnu': [ '4.52.5' ],
15 silly audit   '@rollup/rollup-linux-ppc64-gnu': [ '4.52.5' ],
15 silly audit   '@rollup/rollup-linux-riscv64-gnu': [ '4.52.5' ],
15 silly audit   '@rollup/rollup-linux-riscv64-musl': [ '4.52.5' ],
15 silly audit   '@rollup/rollup-linux-s390x-gnu': [ '4.52.5' ],
15 silly audit   '@rollup/rollup-linux-x64-gnu': [ '4.52.5' ],
15 silly audit   '@rollup/rollup-linux-x64-musl': [ '4.52.5' ],
15 silly audit   '@rollup/rollup-openharmony-arm64': [ '4.52.5' ],
15 silly audit   '@rollup/rollup-win32-arm64-msvc': [ '4.52.5' ],
15 silly audit   '@rollup/rollup-win32-ia32-msvc': [ '4.52.5' ],
15 silly audit   '@rollup/rollup-win32-x64-gnu': [ '4.52.5' ],
15 silly audit   '@rollup/rollup-win32-x64-msvc': [ '4.52.5' ],
15 silly audit   '@tailwindcss/node': [ '4.1.16' ],
15 silly audit   '@tailwindcss/oxide': [ '4.1.16' ],
15 silly audit   '@tailwindcss/oxide-android-arm64': [ '4.1.16' ],
15 silly audit   '@tailwindcss/oxide-darwin-arm64': [ '4.1.16' ],
15 silly audit   '@tailwindcss/oxide-darwin-x64': [ '4.1.16' ],
15 silly audit   '@tailwindcss/oxide-freebsd-x64': [ '4.1.16' ],
15 silly audit   '@tailwindcss/oxide-linux-arm-gnueabihf': [ '4.1.16' ],
15 silly audit   '@tailwindcss/oxide-linux-arm64-gnu': [ '4.1.16' ],
15 silly audit   '@tailwindcss/oxide-linux-arm64-musl': [ '4.1.16' ],
15 silly audit   '@tailwindcss/oxide-linux-x64-gnu': [ '4.1.16' ],
15 silly audit   '@tailwindcss/oxide-linux-x64-musl': [ '4.1.16' ],
15 silly audit   '@tailwindcss/oxide-wasm32-wasi': [ '4.1.16' ],
15 silly audit   '@emnapi/core': [ '1.5.0' ],
15 silly audit   '@emnapi/runtime': [ '1.5.0' ],
15 silly audit   '@emnapi/wasi-threads': [ '1.1.0' ],
15 silly audit   '@napi-rs/wasm-runtime': [ '1.0.7' ],
15 silly audit   '@tybys/wasm-util': [ '0.10.1' ],
15 silly audit   tslib: [ '2.8.1' ],
15 silly audit   '@tailwindcss/oxide-win32-arm64-msvc': [ '4.1.16' ],
15 silly audit   '@tailwindcss/oxide-win32-x64-msvc': [ '4.1.16' ],
15 silly audit   '@tailwindcss/vite': [ '4.1.16' ],
15 silly audit   '@tanstack/query-core': [ '5.60.5' ],
15 silly audit   '@tanstack/react-query': [ '5.60.5' ],
15 silly audit   '@types/babel__core': [ '7.20.5' ],
15 silly audit   '@types/babel__generator': [ '7.6.8' ],
15 silly audit   '@types/babel__template': [ '7.4.4' ],
15 silly audit   '@types/babel__traverse': [ '7.20.6' ],
15 silly audit   '@types/body-parser': [ '1.19.5' ],
15 silly audit   '@types/connect': [ '3.4.38' ],
15 silly audit   '@types/connect-pg-simple': [ '7.0.3' ],
15 silly audit   '@types/d3-array': [ '3.2.1' ],
15 silly audit   '@types/d3-color': [ '3.1.3' ],
15 silly audit   '@types/d3-ease': [ '3.0.2' ],
15 silly audit   '@types/d3-interpolate': [ '3.0.4' ],
15 silly audit   '@types/d3-path': [ '3.1.0' ],
15 silly audit   '@types/d3-scale': [ '4.0.8' ],
15 silly audit   '@types/d3-shape': [ '3.1.6' ],
15 silly audit   '@types/d3-time': [ '3.0.3' ],
15 silly audit   '@types/d3-timer': [ '3.0.2' ],
15 silly audit   '@types/estree': [ '1.0.8' ],
15 silly audit   '@types/express': [ '4.17.21' ],
15 silly audit   '@types/express-serve-static-core': [ '4.19.6' ],
15 silly audit   '@types/express-session': [ '1.18.0' ],
15 silly audit   '@types/http-errors': [ '2.0.4' ],
15 silly audit   '@types/mime': [ '1.3.5' ],
15 silly audit   '@types/node': [ '20.19.24' ],
15 silly audit   '@types/passport': [ '1.0.17' ],
15 silly audit   '@types/passport-local': [ '1.0.38' ],
15 silly audit   '@types/passport-strategy': [ '0.2.38' ],
15 silly audit   '@types/pg': [ '8.11.6' ],
15 silly audit   '@types/qs': [ '6.9.16' ],
15 silly audit   '@types/range-parser': [ '1.2.7' ],
15 silly audit   '@types/react': [ '19.2.2' ],
15 silly audit   '@types/react-dom': [ '19.2.2' ],
15 silly audit   '@types/send': [ '0.17.4' ],
15 silly audit   '@types/serve-static': [ '1.15.7' ],
15 silly audit   '@types/ws': [ '8.5.13' ],
15 silly audit   '@vitejs/plugin-react': [ '5.1.0' ],
15 silly audit   accepts: [ '1.3.8' ],
15 silly audit   'aria-hidden': [ '1.2.4' ],
15 silly audit   'array-flatten': [ '1.1.1' ],
15 silly audit   autoprefixer: [ '10.4.21' ],
15 silly audit   'baseline-browser-mapping': [ '2.8.21' ],
15 silly audit   'body-parser': [ '1.20.4' ],
15 silly audit   debug: [ '2.6.9', '4.3.7' ],
15 silly audit   'http-errors': [ '2.0.1', '2.0.0' ],
15 silly audit   ms: [ '2.0.0', '2.1.3' ],
15 silly audit   statuses: [ '2.0.2', '2.0.1' ],
15 silly audit   browserslist: [ '4.27.0' ],
15 silly audit   'buffer-from': [ '1.1.2' ],
15 silly audit   bytes: [ '3.1.2' ],
15 silly audit   'call-bind-apply-helpers': [ '1.0.2' ],
15 silly audit   'call-bound': [ '1.0.4' ],
15 silly audit   'caniuse-lite': [ '1.0.30001753' ],
15 silly audit   'class-variance-authority': [ '0.7.1' ],
15 silly audit   clsx: [ '2.1.1' ],
15 silly audit   cmdk: [ '1.1.1' ],
15 silly audit   'connect-pg-simple': [ '10.0.0' ],
15 silly audit   'content-disposition': [ '0.5.4' ],
15 silly audit   'content-type': [ '1.0.5' ],
15 silly audit   'convert-source-map': [ '2.0.0' ],
15 silly audit   cookie: [ '0.7.1', '0.7.2' ],
15 silly audit   'cookie-signature': [ '1.0.6', '1.0.7' ],
15 silly audit   csstype: [ '3.1.3' ],
15 silly audit   'd3-array': [ '3.2.4' ],
15 silly audit   'd3-color': [ '3.1.0' ],
15 silly audit   'd3-ease': [ '3.0.1' ],
15 silly audit   'd3-format': [ '3.1.0' ],
15 silly audit   'd3-interpolate': [ '3.0.1' ],
15 silly audit   'd3-path': [ '3.1.0' ],
15 silly audit   'd3-scale': [ '4.0.2' ],
15 silly audit   'd3-shape': [ '3.2.0' ],
15 silly audit   'd3-time': [ '3.1.0' ],
15 silly audit   'd3-time-format': [ '4.1.0' ],
15 silly audit   'd3-timer': [ '3.0.1' ],
15 silly audit   'date-fns': [ '3.6.0', '4.1.0' ],
15 silly audit   'date-fns-jalali': [ '4.1.0-0' ],
15 silly audit   'decimal.js-light': [ '2.5.1' ],
15 silly audit   depd: [ '2.0.0' ],
15 silly audit   destroy: [ '1.2.0' ],
15 silly audit   'detect-libc': [ '2.0.3' ],
15 silly audit   'detect-node-es': [ '1.1.0' ],
15 silly audit   'dom-helpers': [ '5.2.1' ],
15 silly audit   'drizzle-kit': [ '0.31.4' ],
15 silly audit   'drizzle-orm': [ '0.39.3' ],
15 silly audit   'drizzle-zod': [ '0.7.0' ],
15 silly audit   'dunder-proto': [ '1.0.1' ],
15 silly audit   'ee-first': [ '1.1.1' ],
15 silly audit   'electron-to-chromium': [ '1.5.243' ],
15 silly audit   'embla-carousel': [ '8.6.0' ],
15 silly audit   'embla-carousel-react': [ '8.6.0' ],
15 silly audit   'embla-carousel-reactive-utils': [ '8.6.0' ],
15 silly audit   encodeurl: [ '2.0.0', '1.0.2' ],
15 silly audit   'enhanced-resolve': [ '5.18.3' ],
15 silly audit   'es-define-property': [ '1.0.1' ],
15 silly audit   'es-errors': [ '1.3.0' ],
15 silly audit   'es-object-atoms': [ '1.1.1' ],
15 silly audit   'esbuild-register': [ '3.6.0' ],
15 silly audit   escalade: [ '3.2.0' ],
15 silly audit   'escape-html': [ '1.0.3' ],
15 silly audit   etag: [ '1.8.1' ],
15 silly audit   eventemitter3: [ '4.0.7' ],
15 silly audit   express: [ '4.22.1' ],
15 silly audit   'express-session': [ '1.18.2' ],
15 silly audit   'fast-equals': [ '5.3.2' ],
15 silly audit   fdir: [ '6.5.0' ],
15 silly audit   finalhandler: [ '1.3.1' ],
15 silly audit   forwarded: [ '0.2.0' ],
15 silly audit   'fraction.js': [ '4.3.7' ],
15 silly audit   'framer-motion': [ '12.23.24' ],
15 silly audit   fresh: [ '0.5.2' ],
15 silly audit   fsevents: [ '2.3.3' ],
15 silly audit   'function-bind': [ '1.1.2' ],
15 silly audit   gensync: [ '1.0.0-beta.2' ],
15 silly audit   'get-intrinsic': [ '1.3.0' ],
15 silly audit   'get-nonce': [ '1.0.1' ],
15 silly audit   'get-proto': [ '1.0.1' ],
15 silly audit   'get-tsconfig': [ '4.8.1' ],
15 silly audit   gopd: [ '1.2.0' ],
15 silly audit   'graceful-fs': [ '4.2.11' ],
15 silly audit   'has-symbols': [ '1.1.0' ],
15 silly audit   hasown: [ '2.0.2' ],
15 silly audit   'iconv-lite': [ '0.4.24' ],
15 silly audit   inherits: [ '2.0.4' ],
15 silly audit   'input-otp': [ '1.4.2' ],
15 silly audit   internmap: [ '2.0.3' ],
15 silly audit   'ipaddr.js': [ '1.9.1' ],
15 silly audit   jiti: [ '2.6.1' ],
15 silly audit   'js-tokens': [ '4.0.0' ],
15 silly audit   jsesc: [ '3.0.2' ],
15 silly audit   json5: [ '2.2.3' ],
15 silly audit   lightningcss: [ '1.30.2' ],
15 silly audit   'lightningcss-android-arm64': [ '1.30.2' ],
15 silly audit   'lightningcss-darwin-arm64': [ '1.30.2' ],
15 silly audit   'lightningcss-darwin-x64': [ '1.30.2' ],
15 silly audit   'lightningcss-freebsd-x64': [ '1.30.2' ],
15 silly audit   'lightningcss-linux-arm-gnueabihf': [ '1.30.2' ],
15 silly audit   'lightningcss-linux-arm64-gnu': [ '1.30.2' ],
15 silly audit   'lightningcss-linux-arm64-musl': [ '1.30.2' ],
15 silly audit   'lightningcss-linux-x64-gnu': [ '1.30.2' ],
15 silly audit   'lightningcss-linux-x64-musl': [ '1.30.2' ],
15 silly audit   'lightningcss-win32-arm64-msvc': [ '1.30.2' ],
15 silly audit   'lightningcss-win32-x64-msvc': [ '1.30.2' ],
15 silly audit   lodash: [ '4.17.21' ],
15 silly audit   'loose-envify': [ '1.4.0' ],
15 silly audit   'lru-cache': [ '5.1.1', '4.1.5' ],
15 silly audit   'lucide-react': [ '0.545.0' ],
15 silly audit   'magic-string': [ '0.30.21' ],
15 silly audit   'math-intrinsics': [ '1.1.0' ],
15 silly audit   'media-typer': [ '0.3.0' ],
15 silly audit   memorystore: [ '1.6.7' ],
15 silly audit   yallist: [ '2.1.2', '3.1.1' ],
15 silly audit   'merge-descriptors': [ '1.0.3' ],
15 silly audit   methods: [ '1.1.2' ],
15 silly audit   mime: [ '1.6.0' ],
15 silly audit   'mime-db': [ '1.52.0' ],
15 silly audit   'mime-types': [ '2.1.35' ],
15 silly audit   mitt: [ '3.0.1' ],
15 silly audit   'modern-screenshot': [ '4.6.0' ],
15 silly audit   'motion-dom': [ '12.23.23' ],
15 silly audit   'motion-utils': [ '12.23.6' ],
15 silly audit   nanoid: [ '3.3.11' ],
15 silly audit   negotiator: [ '0.6.3' ],
15 silly audit   'next-themes': [ '0.4.6' ],
15 silly audit   'node-gyp-build': [ '4.8.3' ],
15 silly audit   'node-releases': [ '2.0.27' ],
15 silly audit   'normalize-range': [ '0.1.2' ],
15 silly audit   'object-assign': [ '4.1.1' ],
15 silly audit   'object-inspect': [ '1.13.4' ],
15 silly audit   obuf: [ '1.1.2' ],
15 silly audit   'on-finished': [ '2.4.1' ],
15 silly audit   'on-headers': [ '1.1.0' ],
15 silly audit   parseurl: [ '1.3.3' ],
15 silly audit   passport: [ '0.7.0' ],
15 silly audit   'passport-local': [ '1.0.0' ],
15 silly audit   'passport-strategy': [ '1.0.0' ],
15 silly audit   'path-to-regexp': [ '0.1.12' ],
15 silly audit   pause: [ '0.0.1' ],
15 silly audit   pg: [ '8.16.3' ],
15 silly audit   'pg-cloudflare': [ '1.2.7' ],
15 silly audit   'pg-connection-string': [ '2.9.1' ],
15 silly audit   'pg-int8': [ '1.0.1' ],
15 silly audit   'pg-numeric': [ '1.0.2' ],
15 silly audit   'pg-pool': [ '3.10.1' ],
15 silly audit   'pg-protocol': [ '1.10.3' ],
15 silly audit   'pg-types': [ '4.0.2', '2.2.0' ],
15 silly audit   'postgres-array': [ '2.0.0', '3.0.2' ],
15 silly audit   'postgres-bytea': [ '1.0.0', '3.0.0' ],
15 silly audit   'postgres-date': [ '1.0.7', '2.1.0' ],
15 silly audit   'postgres-interval': [ '1.2.0', '3.0.0' ],
15 silly audit   pgpass: [ '1.0.5' ],
15 silly audit   picocolors: [ '1.1.1' ],
15 silly audit   picomatch: [ '4.0.3' ],
15 silly audit   postcss: [ '8.5.6' ],
15 silly audit   'postcss-value-parser': [ '4.2.0' ],
15 silly audit   'postgres-range': [ '1.1.4' ],
15 silly audit   'prop-types': [ '15.8.1' ],
15 silly audit   'react-is': [ '16.13.1', '18.3.1' ],
15 silly audit   'proxy-addr': [ '2.0.7' ],
15 silly audit   pseudomap: [ '1.0.2' ],
15 silly audit   qs: [ '6.14.1' ],
15 silly audit   'random-bytes': [ '1.0.0' ],
15 silly audit   'range-parser': [ '1.2.1' ],
15 silly audit   'raw-body': [ '2.5.3' ],
15 silly audit   react: [ '19.2.0' ],
15 silly audit   'react-day-picker': [ '9.11.1' ],
15 silly audit   'react-dom': [ '19.2.0' ],
15 silly audit   'react-hook-form': [ '7.66.0' ],
15 silly audit   'react-refresh': [ '0.18.0' ],
15 silly audit   'react-remove-scroll': [ '2.6.3' ],
15 silly audit   'react-remove-scroll-bar': [ '2.3.8' ],
15 silly audit   'react-resizable-panels': [ '2.1.9' ],
15 silly audit   'react-smooth': [ '4.0.4' ],
15 silly audit   'react-style-singleton': [ '2.2.3' ],
15 silly audit   'react-transition-group': [ '4.4.5' ],
15 silly audit   recharts: [ '2.15.4' ],
15 silly audit   'recharts-scale': [ '0.4.5' ],
15 silly audit   regexparam: [ '3.0.0' ],
15 silly audit   'resolve-pkg-maps': [ '1.0.0' ],
15 silly audit   rollup: [ '4.52.5' ],
15 silly audit   'safe-buffer': [ '5.2.1' ],
15 silly audit   'safer-buffer': [ '2.1.2' ],
15 silly audit   scheduler: [ '0.27.0' ],
15 silly audit   semver: [ '6.3.1' ],
15 silly audit   send: [ '0.19.0' ],
15 silly audit   'serve-static': [ '1.16.2' ],
15 silly audit   setprototypeof: [ '1.2.0' ],
15 silly audit   'side-channel': [ '1.1.0' ],
15 silly audit   'side-channel-list': [ '1.0.0' ],
15 silly audit   'side-channel-map': [ '1.0.1' ],
15 silly audit   'side-channel-weakmap': [ '1.0.2' ],
15 silly audit   sonner: [ '2.0.7' ],
15 silly audit   'source-map': [ '0.6.1' ],
15 silly audit   'source-map-js': [ '1.2.1' ],
15 silly audit   'source-map-support': [ '0.5.21' ],
15 silly audit   split2: [ '4.2.0' ],
15 silly audit   'tailwind-merge': [ '3.3.1' ],
15 silly audit   tailwindcss: [ '4.1.16' ],
15 silly audit   'tailwindcss-animate': [ '1.0.7' ],
15 silly audit   tapable: [ '2.3.0' ],
15 silly audit   'tiny-invariant': [ '1.3.3' ],
15 silly audit   tinyglobby: [ '0.2.15' ],
15 silly audit   toidentifier: [ '1.0.1' ],
15 silly audit   tsx: [ '4.20.5' ],
15 silly audit   'tw-animate-css': [ '1.4.0' ],
15 silly audit   'type-is': [ '1.6.18' ],
15 silly audit   typescript: [ '5.6.3' ],
15 silly audit   'uid-safe': [ '2.1.5' ],
15 silly audit   'undici-types': [ '6.21.0' ],
15 silly audit   unpipe: [ '1.0.0' ],
15 silly audit   'update-browserslist-db': [ '1.1.4' ],
15 silly audit   'use-callback-ref': [ '1.3.3' ],
15 silly audit   'use-sidecar': [ '1.1.3' ],
15 silly audit   'use-sync-external-store': [ '1.6.0' ],
15 silly audit   'utils-merge': [ '1.0.1' ],
15 silly audit   vary: [ '1.1.2' ],
15 silly audit   vaul: [ '1.1.2' ],
15 silly audit   'victory-vendor': [ '36.9.2' ],
15 silly audit   vite: [ '7.1.12' ],
15 silly audit   wouter: [ '3.3.5' ],
15 silly audit   ws: [ '8.18.0' ],
15 silly audit   xtend: [ '4.0.2' ],
15 silly audit   zod: [ '3.25.76' ],
15 silly audit   'zod-validation-error': [ '3.4.0' ]
15 silly audit }
16 http cache zod-validation-error@https://registry.npmjs.org/zod-validation-error/-/zod-validation-error-3.4.0.tgz 1ms (cache hit)
17 http cache yallist@https://registry.npmjs.org/yallist/-/yallist-3.1.1.tgz 1ms (cache hit)
18 http cache zod@https://registry.npmjs.org/zod/-/zod-3.25.76.tgz 0ms (cache hit)
19 http cache xtend@https://registry.npmjs.org/xtend/-/xtend-4.0.2.tgz 0ms (cache hit)
20 http cache ws@https://registry.npmjs.org/ws/-/ws-8.18.0.tgz 0ms (cache hit)
21 http cache wouter@https://registry.npmjs.org/wouter/-/wouter-3.3.5.tgz 0ms (cache hit)
22 http cache vite@https://registry.npmjs.org/vite/-/vite-7.1.12.tgz 1ms (cache hit)
23 http cache victory-vendor@https://registry.npmjs.org/victory-vendor/-/victory-vendor-36.9.2.tgz 0ms (cache hit)
24 http cache vaul@https://registry.npmjs.org/vaul/-/vaul-1.1.2.tgz 0ms (cache hit)
25 http cache vary@https://registry.npmjs.org/vary/-/vary-1.1.2.tgz 0ms (cache hit)
26 http cache utils-merge@https://registry.npmjs.org/utils-merge/-/utils-merge-1.0.1.tgz 1ms (cache hit)
27 http cache use-sync-external-store@https://registry.npmjs.org/use-sync-external-store/-/use-sync-external-store-1.6.0.tgz 0ms (cache hit)
28 http cache use-sidecar@https://registry.npmjs.org/use-sidecar/-/use-sidecar-1.1.3.tgz 0ms (cache hit)
29 http cache use-callback-ref@https://registry.npmjs.org/use-callback-ref/-/use-callback-ref-1.3.3.tgz 0ms (cache hit)
30 http cache update-browserslist-db@https://registry.npmjs.org/update-browserslist-db/-/update-browserslist-db-1.1.4.tgz 0ms (cache hit)
31 http cache unpipe@https://registry.npmjs.org/unpipe/-/unpipe-1.0.0.tgz 0ms (cache hit)
32 http cache uid-safe@https://registry.npmjs.org/uid-safe/-/uid-safe-2.1.5.tgz 0ms (cache hit)
33 http cache undici-types@https://registry.npmjs.org/undici-types/-/undici-types-6.21.0.tgz 0ms (cache hit)
34 http cache typescript@https://registry.npmjs.org/typescript/-/typescript-5.6.3.tgz 0ms (cache hit)
35 http cache tw-animate-css@https://registry.npmjs.org/tw-animate-css/-/tw-animate-css-1.4.0.tgz 0ms (cache hit)
36 http cache tsx@https://registry.npmjs.org/tsx/-/tsx-4.20.5.tgz 0ms (cache hit)
37 http cache toidentifier@https://registry.npmjs.org/toidentifier/-/toidentifier-1.0.1.tgz 0ms (cache hit)
38 http cache type-is@https://registry.npmjs.org/type-is/-/type-is-1.6.18.tgz 0ms (cache hit)
39 http cache tinyglobby@https://registry.npmjs.org/tinyglobby/-/tinyglobby-0.2.15.tgz 0ms (cache hit)
40 http cache tslib@https://registry.npmjs.org/tslib/-/tslib-2.8.1.tgz 0ms (cache hit)
41 http cache tiny-invariant@https://registry.npmjs.org/tiny-invariant/-/tiny-invariant-1.3.3.tgz 0ms (cache hit)
42 http cache tapable@https://registry.npmjs.org/tapable/-/tapable-2.3.0.tgz 0ms (cache hit)
43 http cache tailwind-merge@https://registry.npmjs.org/tailwind-merge/-/tailwind-merge-3.3.1.tgz 0ms (cache hit)
44 http cache tailwindcss@https://registry.npmjs.org/tailwindcss/-/tailwindcss-4.1.16.tgz 0ms (cache hit)
45 http cache tailwindcss-animate@https://registry.npmjs.org/tailwindcss-animate/-/tailwindcss-animate-1.0.7.tgz 0ms (cache hit)
46 http cache statuses@https://registry.npmjs.org/statuses/-/statuses-2.0.1.tgz 0ms (cache hit)
47 http cache split2@https://registry.npmjs.org/split2/-/split2-4.2.0.tgz 0ms (cache hit)
48 http cache source-map-js@https://registry.npmjs.org/source-map-js/-/source-map-js-1.2.1.tgz 0ms (cache hit)
49 http cache source-map-support@https://registry.npmjs.org/source-map-support/-/source-map-support-0.5.21.tgz 0ms (cache hit)
50 http cache source-map@https://registry.npmjs.org/source-map/-/source-map-0.6.1.tgz 0ms (cache hit)
51 http cache sonner@https://registry.npmjs.org/sonner/-/sonner-2.0.7.tgz 0ms (cache hit)
52 http cache side-channel-weakmap@https://registry.npmjs.org/side-channel-weakmap/-/side-channel-weakmap-1.0.2.tgz 0ms (cache hit)
53 http cache side-channel-map@https://registry.npmjs.org/side-channel-map/-/side-channel-map-1.0.1.tgz 0ms (cache hit)
54 http cache side-channel-list@https://registry.npmjs.org/side-channel-list/-/side-channel-list-1.0.0.tgz 0ms (cache hit)
55 http cache side-channel@https://registry.npmjs.org/side-channel/-/side-channel-1.1.0.tgz 0ms (cache hit)
56 http cache setprototypeof@https://registry.npmjs.org/setprototypeof/-/setprototypeof-1.2.0.tgz 0ms (cache hit)
57 http cache serve-static@https://registry.npmjs.org/serve-static/-/serve-static-1.16.2.tgz 0ms (cache hit)
58 http cache semver@https://registry.npmjs.org/semver/-/semver-6.3.1.tgz 0ms (cache hit)
59 http cache send@https://registry.npmjs.org/send/-/send-0.19.0.tgz 0ms (cache hit)
60 http cache scheduler@https://registry.npmjs.org/scheduler/-/scheduler-0.27.0.tgz 0ms (cache hit)
61 http cache rollup@https://registry.npmjs.org/rollup/-/rollup-4.52.5.tgz 0ms (cache hit)
62 http cache safe-buffer@https://registry.npmjs.org/safe-buffer/-/safe-buffer-5.2.1.tgz 0ms (cache hit)
63 http cache safer-buffer@https://registry.npmjs.org/safer-buffer/-/safer-buffer-2.1.2.tgz 0ms (cache hit)
64 http cache resolve-pkg-maps@https://registry.npmjs.org/resolve-pkg-maps/-/resolve-pkg-maps-1.0.0.tgz 0ms (cache hit)
65 http cache regexparam@https://registry.npmjs.org/regexparam/-/regexparam-3.0.0.tgz 0ms (cache hit)
66 http cache recharts-scale@https://registry.npmjs.org/recharts-scale/-/recharts-scale-0.4.5.tgz 0ms (cache hit)
67 http cache recharts@https://registry.npmjs.org/recharts/-/recharts-2.15.4.tgz 0ms (cache hit)
68 http cache react-transition-group@https://registry.npmjs.org/react-transition-group/-/react-transition-group-4.4.5.tgz 0ms (cache hit)
69 http cache react-style-singleton@https://registry.npmjs.org/react-style-singleton/-/react-style-singleton-2.2.3.tgz 0ms (cache hit)
70 http cache react-smooth@https://registry.npmjs.org/react-smooth/-/react-smooth-4.0.4.tgz 0ms (cache hit)
71 http cache react-resizable-panels@https://registry.npmjs.org/react-resizable-panels/-/react-resizable-panels-2.1.9.tgz 0ms (cache hit)
72 http cache react-remove-scroll@https://registry.npmjs.org/react-remove-scroll/-/react-remove-scroll-2.6.3.tgz 0ms (cache hit)
73 http cache react-remove-scroll-bar@https://registry.npmjs.org/react-remove-scroll-bar/-/react-remove-scroll-bar-2.3.8.tgz 0ms (cache hit)
74 http cache react-refresh@https://registry.npmjs.org/react-refresh/-/react-refresh-0.18.0.tgz 0ms (cache hit)
75 http cache react-is@https://registry.npmjs.org/react-is/-/react-is-18.3.1.tgz 0ms (cache hit)
76 http cache react-hook-form@https://registry.npmjs.org/react-hook-form/-/react-hook-form-7.66.0.tgz 0ms (cache hit)
77 http cache react-dom@https://registry.npmjs.org/react-dom/-/react-dom-19.2.0.tgz 0ms (cache hit)
78 http cache react@https://registry.npmjs.org/react/-/react-19.2.0.tgz 0ms (cache hit)
79 http cache react-day-picker@https://registry.npmjs.org/react-day-picker/-/react-day-picker-9.11.1.tgz 0ms (cache hit)
80 http cache range-parser@https://registry.npmjs.org/range-parser/-/range-parser-1.2.1.tgz 0ms (cache hit)
81 http cache qs@https://registry.npmjs.org/qs/-/qs-6.14.1.tgz 0ms (cache hit)
82 http cache raw-body@https://registry.npmjs.org/raw-body/-/raw-body-2.5.3.tgz 0ms (cache hit)
83 http cache pseudomap@https://registry.npmjs.org/pseudomap/-/pseudomap-1.0.2.tgz 0ms (cache hit)
84 http cache proxy-addr@https://registry.npmjs.org/proxy-addr/-/proxy-addr-2.0.7.tgz 0ms (cache hit)
85 http cache random-bytes@https://registry.npmjs.org/random-bytes/-/random-bytes-1.0.0.tgz 0ms (cache hit)
86 http cache postgres-range@https://registry.npmjs.org/postgres-range/-/postgres-range-1.1.4.tgz 0ms (cache hit)
87 http cache prop-types@https://registry.npmjs.org/prop-types/-/prop-types-15.8.1.tgz 0ms (cache hit)
88 http cache postgres-interval@https://registry.npmjs.org/postgres-interval/-/postgres-interval-3.0.0.tgz 0ms (cache hit)
89 http cache postgres-date@https://registry.npmjs.org/postgres-date/-/postgres-date-2.1.0.tgz 0ms (cache hit)
90 http cache postgres-bytea@https://registry.npmjs.org/postgres-bytea/-/postgres-bytea-3.0.0.tgz 0ms (cache hit)
91 http cache postgres-array@https://registry.npmjs.org/postgres-array/-/postgres-array-3.0.2.tgz 0ms (cache hit)
92 http cache postcss-value-parser@https://registry.npmjs.org/postcss-value-parser/-/postcss-value-parser-4.2.0.tgz 0ms (cache hit)
93 http cache postcss@https://registry.npmjs.org/postcss/-/postcss-8.5.6.tgz 1ms (cache hit)
94 http cache picomatch@https://registry.npmjs.org/picomatch/-/picomatch-4.0.3.tgz 0ms (cache hit)
95 http cache pgpass@https://registry.npmjs.org/pgpass/-/pgpass-1.0.5.tgz 0ms (cache hit)
96 http cache pg-types@https://registry.npmjs.org/pg-types/-/pg-types-4.0.2.tgz 0ms (cache hit)
97 http cache picocolors@https://registry.npmjs.org/picocolors/-/picocolors-1.1.1.tgz 0ms (cache hit)
98 http cache pg-protocol@https://registry.npmjs.org/pg-protocol/-/pg-protocol-1.10.3.tgz 0ms (cache hit)
99 http cache pg-numeric@https://registry.npmjs.org/pg-numeric/-/pg-numeric-1.0.2.tgz 0ms (cache hit)
100 http cache pg-int8@https://registry.npmjs.org/pg-int8/-/pg-int8-1.0.1.tgz 0ms (cache hit)
101 http cache pg-pool@https://registry.npmjs.org/pg-pool/-/pg-pool-3.10.1.tgz 0ms (cache hit)
102 http cache pg-cloudflare@https://registry.npmjs.org/pg-cloudflare/-/pg-cloudflare-1.2.7.tgz 0ms (cache hit)
103 http cache pg-connection-string@https://registry.npmjs.org/pg-connection-string/-/pg-connection-string-2.9.1.tgz 0ms (cache hit)
104 http cache pg@https://registry.npmjs.org/pg/-/pg-8.16.3.tgz 0ms (cache hit)
105 http cache path-to-regexp@https://registry.npmjs.org/path-to-regexp/-/path-to-regexp-0.1.12.tgz 0ms (cache hit)
106 http cache passport-strategy@https://registry.npmjs.org/passport-strategy/-/passport-strategy-1.0.0.tgz 0ms (cache hit)
107 http cache passport-local@https://registry.npmjs.org/passport-local/-/passport-local-1.0.0.tgz 0ms (cache hit)
108 http cache pause@https://registry.npmjs.org/pause/-/pause-0.0.1.tgz 0ms (cache hit)
109 http cache passport@https://registry.npmjs.org/passport/-/passport-0.7.0.tgz 0ms (cache hit)
110 http cache on-headers@https://registry.npmjs.org/on-headers/-/on-headers-1.1.0.tgz 0ms (cache hit)
111 http cache parseurl@https://registry.npmjs.org/parseurl/-/parseurl-1.3.3.tgz 0ms (cache hit)
112 http cache obuf@https://registry.npmjs.org/obuf/-/obuf-1.1.2.tgz 0ms (cache hit)
113 http cache on-finished@https://registry.npmjs.org/on-finished/-/on-finished-2.4.1.tgz 1ms (cache hit)
114 http cache object-assign@https://registry.npmjs.org/object-assign/-/object-assign-4.1.1.tgz 0ms (cache hit)
115 http cache object-inspect@https://registry.npmjs.org/object-inspect/-/object-inspect-1.13.4.tgz 0ms (cache hit)
116 http cache normalize-range@https://registry.npmjs.org/normalize-range/-/normalize-range-0.1.2.tgz 0ms (cache hit)
117 http cache node-releases@https://registry.npmjs.org/node-releases/-/node-releases-2.0.27.tgz 0ms (cache hit)
118 http cache next-themes@https://registry.npmjs.org/next-themes/-/next-themes-0.4.6.tgz 0ms (cache hit)
119 http cache node-gyp-build@https://registry.npmjs.org/node-gyp-build/-/node-gyp-build-4.8.3.tgz 0ms (cache hit)
120 http cache nanoid@https://registry.npmjs.org/nanoid/-/nanoid-3.3.11.tgz 0ms (cache hit)
121 http cache negotiator@https://registry.npmjs.org/negotiator/-/negotiator-0.6.3.tgz 0ms (cache hit)
122 http cache ms@https://registry.npmjs.org/ms/-/ms-2.1.3.tgz 0ms (cache hit)
123 http cache motion-utils@https://registry.npmjs.org/motion-utils/-/motion-utils-12.23.6.tgz 0ms (cache hit)
124 http cache motion-dom@https://registry.npmjs.org/motion-dom/-/motion-dom-12.23.23.tgz 1ms (cache hit)
125 http cache modern-screenshot@https://registry.npmjs.org/modern-screenshot/-/modern-screenshot-4.6.0.tgz 0ms (cache hit)
126 http cache mime-types@https://registry.npmjs.org/mime-types/-/mime-types-2.1.35.tgz 0ms (cache hit)
127 http cache mitt@https://registry.npmjs.org/mitt/-/mitt-3.0.1.tgz 0ms (cache hit)
128 http cache mime@https://registry.npmjs.org/mime/-/mime-1.6.0.tgz 0ms (cache hit)
129 http cache mime-db@https://registry.npmjs.org/mime-db/-/mime-db-1.52.0.tgz 0ms (cache hit)
130 http cache methods@https://registry.npmjs.org/methods/-/methods-1.1.2.tgz 0ms (cache hit)
131 http cache merge-descriptors@https://registry.npmjs.org/merge-descriptors/-/merge-descriptors-1.0.3.tgz 0ms (cache hit)
132 http cache media-typer@https://registry.npmjs.org/media-typer/-/media-typer-0.3.0.tgz 0ms (cache hit)
133 http cache memorystore@https://registry.npmjs.org/memorystore/-/memorystore-1.6.7.tgz 0ms (cache hit)
134 http cache magic-string@https://registry.npmjs.org/magic-string/-/magic-string-0.30.21.tgz 0ms (cache hit)
135 http cache math-intrinsics@https://registry.npmjs.org/math-intrinsics/-/math-intrinsics-1.1.0.tgz 0ms (cache hit)
136 http cache lru-cache@https://registry.npmjs.org/lru-cache/-/lru-cache-5.1.1.tgz 0ms (cache hit)
137 http cache lucide-react@https://registry.npmjs.org/lucide-react/-/lucide-react-0.545.0.tgz 0ms (cache hit)
138 http cache lodash@https://registry.npmjs.org/lodash/-/lodash-4.17.21.tgz 0ms (cache hit)
139 http cache loose-envify@https://registry.npmjs.org/loose-envify/-/loose-envify-1.4.0.tgz 0ms (cache hit)
140 http cache lightningcss-darwin-x64@https://registry.npmjs.org/lightningcss-darwin-x64/-/lightningcss-darwin-x64-1.30.2.tgz 0ms (cache hit)
141 http cache lightningcss@https://registry.npmjs.org/lightningcss/-/lightningcss-1.30.2.tgz 0ms (cache hit)
142 http cache json5@https://registry.npmjs.org/json5/-/json5-2.2.3.tgz 0ms (cache hit)
143 http cache jsesc@https://registry.npmjs.org/jsesc/-/jsesc-3.0.2.tgz 0ms (cache hit)
144 http cache jiti@https://registry.npmjs.org/jiti/-/jiti-2.6.1.tgz 0ms (cache hit)
145 http cache js-tokens@https://registry.npmjs.org/js-tokens/-/js-tokens-4.0.0.tgz 0ms (cache hit)
146 http cache internmap@https://registry.npmjs.org/internmap/-/internmap-2.0.3.tgz 0ms (cache hit)
147 http cache ipaddr.js@https://registry.npmjs.org/ipaddr.js/-/ipaddr.js-1.9.1.tgz 0ms (cache hit)
148 http cache inherits@https://registry.npmjs.org/inherits/-/inherits-2.0.4.tgz 0ms (cache hit)
149 http cache input-otp@https://registry.npmjs.org/input-otp/-/input-otp-1.4.2.tgz 0ms (cache hit)
150 http cache http-errors@https://registry.npmjs.org/http-errors/-/http-errors-2.0.0.tgz 0ms (cache hit)
151 http cache iconv-lite@https://registry.npmjs.org/iconv-lite/-/iconv-lite-0.4.24.tgz 0ms (cache hit)
152 http cache has-symbols@https://registry.npmjs.org/has-symbols/-/has-symbols-1.1.0.tgz 0ms (cache hit)
153 http cache hasown@https://registry.npmjs.org/hasown/-/hasown-2.0.2.tgz 0ms (cache hit)
154 http cache graceful-fs@https://registry.npmjs.org/graceful-fs/-/graceful-fs-4.2.11.tgz 0ms (cache hit)
155 http cache gopd@https://registry.npmjs.org/gopd/-/gopd-1.2.0.tgz 0ms (cache hit)
156 http cache get-tsconfig@https://registry.npmjs.org/get-tsconfig/-/get-tsconfig-4.8.1.tgz 0ms (cache hit)
157 http cache get-proto@https://registry.npmjs.org/get-proto/-/get-proto-1.0.1.tgz 0ms (cache hit)
158 http cache get-intrinsic@https://registry.npmjs.org/get-intrinsic/-/get-intrinsic-1.3.0.tgz 0ms (cache hit)
159 http cache get-nonce@https://registry.npmjs.org/get-nonce/-/get-nonce-1.0.1.tgz 0ms (cache hit)
160 http cache gensync@https://registry.npmjs.org/gensync/-/gensync-1.0.0-beta.2.tgz 0ms (cache hit)
161 http cache function-bind@https://registry.npmjs.org/function-bind/-/function-bind-1.1.2.tgz 0ms (cache hit)
162 http cache fresh@https://registry.npmjs.org/fresh/-/fresh-0.5.2.tgz 0ms (cache hit)
163 http cache fsevents@https://registry.npmjs.org/fsevents/-/fsevents-2.3.3.tgz 0ms (cache hit)
164 http cache fraction.js@https://registry.npmjs.org/fraction.js/-/fraction.js-4.3.7.tgz 0ms (cache hit)
165 http cache framer-motion@https://registry.npmjs.org/framer-motion/-/framer-motion-12.23.24.tgz 0ms (cache hit)
166 http cache forwarded@https://registry.npmjs.org/forwarded/-/forwarded-0.2.0.tgz 0ms (cache hit)
167 http cache finalhandler@https://registry.npmjs.org/finalhandler/-/finalhandler-1.3.1.tgz 0ms (cache hit)
168 http cache fdir@https://registry.npmjs.org/fdir/-/fdir-6.5.0.tgz 0ms (cache hit)
169 http cache fast-equals@https://registry.npmjs.org/fast-equals/-/fast-equals-5.3.2.tgz 0ms (cache hit)
170 http cache express-session@https://registry.npmjs.org/express-session/-/express-session-1.18.2.tgz 1ms (cache hit)
171 http cache express@https://registry.npmjs.org/express/-/express-4.22.1.tgz 0ms (cache hit)
172 http cache etag@https://registry.npmjs.org/etag/-/etag-1.8.1.tgz 0ms (cache hit)
173 http cache escape-html@https://registry.npmjs.org/escape-html/-/escape-html-1.0.3.tgz 0ms (cache hit)
174 http cache escalade@https://registry.npmjs.org/escalade/-/escalade-3.2.0.tgz 0ms (cache hit)
175 http cache eventemitter3@https://registry.npmjs.org/eventemitter3/-/eventemitter3-4.0.7.tgz 0ms (cache hit)
176 http cache esbuild-register@https://registry.npmjs.org/esbuild-register/-/esbuild-register-3.6.0.tgz 0ms (cache hit)
177 http cache es-errors@https://registry.npmjs.org/es-errors/-/es-errors-1.3.0.tgz 0ms (cache hit)
178 http cache es-object-atoms@https://registry.npmjs.org/es-object-atoms/-/es-object-atoms-1.1.1.tgz 0ms (cache hit)
179 http cache esbuild@https://registry.npmjs.org/esbuild/-/esbuild-0.25.9.tgz 0ms (cache hit)
180 http cache enhanced-resolve@https://registry.npmjs.org/enhanced-resolve/-/enhanced-resolve-5.18.3.tgz 0ms (cache hit)
181 http cache embla-carousel-reactive-utils@https://registry.npmjs.org/embla-carousel-reactive-utils/-/embla-carousel-reactive-utils-8.6.0.tgz 0ms (cache hit)
182 http cache encodeurl@https://registry.npmjs.org/encodeurl/-/encodeurl-2.0.0.tgz 0ms (cache hit)
183 http cache es-define-property@https://registry.npmjs.org/es-define-property/-/es-define-property-1.0.1.tgz 0ms (cache hit)
184 http cache embla-carousel-react@https://registry.npmjs.org/embla-carousel-react/-/embla-carousel-react-8.6.0.tgz 0ms (cache hit)
185 http cache embla-carousel@https://registry.npmjs.org/embla-carousel/-/embla-carousel-8.6.0.tgz 0ms (cache hit)
186 http cache electron-to-chromium@https://registry.npmjs.org/electron-to-chromium/-/electron-to-chromium-1.5.243.tgz 1ms (cache hit)
187 http cache ee-first@https://registry.npmjs.org/ee-first/-/ee-first-1.1.1.tgz 0ms (cache hit)
188 http cache drizzle-zod@https://registry.npmjs.org/drizzle-zod/-/drizzle-zod-0.7.0.tgz 0ms (cache hit)
189 http cache dunder-proto@https://registry.npmjs.org/dunder-proto/-/dunder-proto-1.0.1.tgz 0ms (cache hit)
190 http cache drizzle-orm@https://registry.npmjs.org/drizzle-orm/-/drizzle-orm-0.39.3.tgz 0ms (cache hit)
191 http cache dom-helpers@https://registry.npmjs.org/dom-helpers/-/dom-helpers-5.2.1.tgz 0ms (cache hit)
192 http cache drizzle-kit@https://registry.npmjs.org/drizzle-kit/-/drizzle-kit-0.31.4.tgz 0ms (cache hit)
193 http cache detect-libc@https://registry.npmjs.org/detect-libc/-/detect-libc-2.0.3.tgz 0ms (cache hit)
194 http cache detect-node-es@https://registry.npmjs.org/detect-node-es/-/detect-node-es-1.1.0.tgz 0ms (cache hit)
195 http cache destroy@https://registry.npmjs.org/destroy/-/destroy-1.2.0.tgz 0ms (cache hit)
196 http cache depd@https://registry.npmjs.org/depd/-/depd-2.0.0.tgz 0ms (cache hit)
197 http cache debug@https://registry.npmjs.org/debug/-/debug-4.3.7.tgz 0ms (cache hit)
198 http cache decimal.js-light@https://registry.npmjs.org/decimal.js-light/-/decimal.js-light-2.5.1.tgz 0ms (cache hit)
199 http cache date-fns@https://registry.npmjs.org/date-fns/-/date-fns-3.6.0.tgz 0ms (cache hit)
200 http cache date-fns-jalali@https://registry.npmjs.org/date-fns-jalali/-/date-fns-jalali-4.1.0-0.tgz 0ms (cache hit)
201 http cache d3-timer@https://registry.npmjs.org/d3-timer/-/d3-timer-3.0.1.tgz 0ms (cache hit)
202 http cache d3-time-format@https://registry.npmjs.org/d3-time-format/-/d3-time-format-4.1.0.tgz 0ms (cache hit)
203 http cache d3-shape@https://registry.npmjs.org/d3-shape/-/d3-shape-3.2.0.tgz 0ms (cache hit)
204 http cache d3-time@https://registry.npmjs.org/d3-time/-/d3-time-3.1.0.tgz 0ms (cache hit)
205 http cache d3-path@https://registry.npmjs.org/d3-path/-/d3-path-3.1.0.tgz 0ms (cache hit)
206 http cache d3-scale@https://registry.npmjs.org/d3-scale/-/d3-scale-4.0.2.tgz 0ms (cache hit)
207 http cache d3-interpolate@https://registry.npmjs.org/d3-interpolate/-/d3-interpolate-3.0.1.tgz 0ms (cache hit)
208 http cache d3-format@https://registry.npmjs.org/d3-format/-/d3-format-3.1.0.tgz 0ms (cache hit)
209 http cache d3-ease@https://registry.npmjs.org/d3-ease/-/d3-ease-3.0.1.tgz 0ms (cache hit)
210 http cache d3-color@https://registry.npmjs.org/d3-color/-/d3-color-3.1.0.tgz 0ms (cache hit)
211 http cache d3-array@https://registry.npmjs.org/d3-array/-/d3-array-3.2.4.tgz 0ms (cache hit)
212 http cache csstype@https://registry.npmjs.org/csstype/-/csstype-3.1.3.tgz 0ms (cache hit)
213 http cache cookie-signature@https://registry.npmjs.org/cookie-signature/-/cookie-signature-1.0.6.tgz 0ms (cache hit)
214 http cache cookie@https://registry.npmjs.org/cookie/-/cookie-0.7.1.tgz 0ms (cache hit)
215 http cache convert-source-map@https://registry.npmjs.org/convert-source-map/-/convert-source-map-2.0.0.tgz 0ms (cache hit)
216 http cache content-type@https://registry.npmjs.org/content-type/-/content-type-1.0.5.tgz 0ms (cache hit)
217 http cache connect-pg-simple@https://registry.npmjs.org/connect-pg-simple/-/connect-pg-simple-10.0.0.tgz 0ms (cache hit)
218 http cache content-disposition@https://registry.npmjs.org/content-disposition/-/content-disposition-0.5.4.tgz 0ms (cache hit)
219 http cache clsx@https://registry.npmjs.org/clsx/-/clsx-2.1.1.tgz 0ms (cache hit)
220 http cache cmdk@https://registry.npmjs.org/cmdk/-/cmdk-1.1.1.tgz 0ms (cache hit)
221 http cache class-variance-authority@https://registry.npmjs.org/class-variance-authority/-/class-variance-authority-0.7.1.tgz 0ms (cache hit)
222 http cache caniuse-lite@https://registry.npmjs.org/caniuse-lite/-/caniuse-lite-1.0.30001753.tgz 0ms (cache hit)
223 http cache call-bound@https://registry.npmjs.org/call-bound/-/call-bound-1.0.4.tgz 0ms (cache hit)
224 http cache call-bind-apply-helpers@https://registry.npmjs.org/call-bind-apply-helpers/-/call-bind-apply-helpers-1.0.2.tgz 0ms (cache hit)
225 http cache bytes@https://registry.npmjs.org/bytes/-/bytes-3.1.2.tgz 0ms (cache hit)
226 http cache buffer-from@https://registry.npmjs.org/buffer-from/-/buffer-from-1.1.2.tgz 0ms (cache hit)
227 http cache browserslist@https://registry.npmjs.org/browserslist/-/browserslist-4.27.0.tgz 0ms (cache hit)
228 http cache body-parser@https://registry.npmjs.org/body-parser/-/body-parser-1.20.4.tgz 0ms (cache hit)
229 http cache baseline-browser-mapping@https://registry.npmjs.org/baseline-browser-mapping/-/baseline-browser-mapping-2.8.21.tgz 0ms (cache hit)
230 http cache autoprefixer@https://registry.npmjs.org/autoprefixer/-/autoprefixer-10.4.21.tgz 0ms (cache hit)
231 http cache array-flatten@https://registry.npmjs.org/array-flatten/-/array-flatten-1.1.1.tgz 0ms (cache hit)
232 http cache aria-hidden@https://registry.npmjs.org/aria-hidden/-/aria-hidden-1.2.4.tgz 0ms (cache hit)
233 http cache accepts@https://registry.npmjs.org/accepts/-/accepts-1.3.8.tgz 0ms (cache hit)
234 http cache @types/ws@https://registry.npmjs.org/@types/ws/-/ws-8.5.13.tgz 0ms (cache hit)
235 http cache @vitejs/plugin-react@https://registry.npmjs.org/@vitejs/plugin-react/-/plugin-react-5.1.0.tgz 0ms (cache hit)
236 http cache @types/serve-static@https://registry.npmjs.org/@types/serve-static/-/serve-static-1.15.7.tgz 0ms (cache hit)
237 http cache @types/send@https://registry.npmjs.org/@types/send/-/send-0.17.4.tgz 0ms (cache hit)
238 http cache @types/react-dom@https://registry.npmjs.org/@types/react-dom/-/react-dom-19.2.2.tgz 0ms (cache hit)
239 http cache @types/range-parser@https://registry.npmjs.org/@types/range-parser/-/range-parser-1.2.7.tgz 0ms (cache hit)
240 http cache @types/qs@https://registry.npmjs.org/@types/qs/-/qs-6.9.16.tgz 0ms (cache hit)
241 http cache @types/pg@https://registry.npmjs.org/@types/pg/-/pg-8.11.6.tgz 0ms (cache hit)
242 http cache @types/passport-strategy@https://registry.npmjs.org/@types/passport-strategy/-/passport-strategy-0.2.38.tgz 0ms (cache hit)
243 http cache @types/passport@https://registry.npmjs.org/@types/passport/-/passport-1.0.17.tgz 0ms (cache hit)
244 http cache @types/react@https://registry.npmjs.org/@types/react/-/react-19.2.2.tgz 0ms (cache hit)
245 http cache @types/node@https://registry.npmjs.org/@types/node/-/node-20.19.24.tgz 0ms (cache hit)
246 http cache @types/mime@https://registry.npmjs.org/@types/mime/-/mime-1.3.5.tgz 0ms (cache hit)
247 http cache @types/http-errors@https://registry.npmjs.org/@types/http-errors/-/http-errors-2.0.4.tgz 0ms (cache hit)
248 http cache @types/express-session@https://registry.npmjs.org/@types/express-session/-/express-session-1.18.0.tgz 0ms (cache hit)
249 http cache @types/express-serve-static-core@https://registry.npmjs.org/@types/express-serve-static-core/-/express-serve-static-core-4.19.6.tgz 0ms (cache hit)
250 http cache @types/express@https://registry.npmjs.org/@types/express/-/express-4.17.21.tgz 0ms (cache hit)
251 http cache @types/d3-timer@https://registry.npmjs.org/@types/d3-timer/-/d3-timer-3.0.2.tgz 0ms (cache hit)
252 http cache @types/estree@https://registry.npmjs.org/@types/estree/-/estree-1.0.8.tgz 0ms (cache hit)
253 http cache @types/d3-scale@https://registry.npmjs.org/@types/d3-scale/-/d3-scale-4.0.8.tgz 0ms (cache hit)
254 http cache @types/d3-shape@https://registry.npmjs.org/@types/d3-shape/-/d3-shape-3.1.6.tgz 0ms (cache hit)
255 http cache @types/d3-time@https://registry.npmjs.org/@types/d3-time/-/d3-time-3.0.3.tgz 0ms (cache hit)
256 http cache @types/d3-path@https://registry.npmjs.org/@types/d3-path/-/d3-path-3.1.0.tgz 0ms (cache hit)
257 http cache @types/d3-interpolate@https://registry.npmjs.org/@types/d3-interpolate/-/d3-interpolate-3.0.4.tgz 0ms (cache hit)
258 http cache @types/passport-local@https://registry.npmjs.org/@types/passport-local/-/passport-local-1.0.38.tgz 0ms (cache hit)
259 http cache @types/d3-color@https://registry.npmjs.org/@types/d3-color/-/d3-color-3.1.3.tgz 0ms (cache hit)
260 http cache @types/connect-pg-simple@https://registry.npmjs.org/@types/connect-pg-simple/-/connect-pg-simple-7.0.3.tgz 0ms (cache hit)
261 http cache @types/d3-array@https://registry.npmjs.org/@types/d3-array/-/d3-array-3.2.1.tgz 0ms (cache hit)
262 http cache @types/connect@https://registry.npmjs.org/@types/connect/-/connect-3.4.38.tgz 0ms (cache hit)
263 http cache @types/body-parser@https://registry.npmjs.org/@types/body-parser/-/body-parser-1.19.5.tgz 0ms (cache hit)
264 http cache @types/babel__traverse@https://registry.npmjs.org/@types/babel__traverse/-/babel__traverse-7.20.6.tgz 0ms (cache hit)
265 http cache @types/babel__template@https://registry.npmjs.org/@types/babel__template/-/babel__template-7.4.4.tgz 0ms (cache hit)
266 http cache @types/babel__generator@https://registry.npmjs.org/@types/babel__generator/-/babel__generator-7.6.8.tgz 0ms (cache hit)
267 http cache @types/d3-ease@https://registry.npmjs.org/@types/d3-ease/-/d3-ease-3.0.2.tgz 0ms (cache hit)
268 http cache @types/babel__core@https://registry.npmjs.org/@types/babel__core/-/babel__core-7.20.5.tgz 0ms (cache hit)
269 http cache @tanstack/react-query@https://registry.npmjs.org/@tanstack/react-query/-/react-query-5.60.5.tgz 1ms (cache hit)
270 http cache @tanstack/query-core@https://registry.npmjs.org/@tanstack/query-core/-/query-core-5.60.5.tgz 0ms (cache hit)
271 http cache @tailwindcss/vite@https://registry.npmjs.org/@tailwindcss/vite/-/vite-4.1.16.tgz 0ms (cache hit)
272 http cache @tailwindcss/oxide-darwin-x64@https://registry.npmjs.org/@tailwindcss/oxide-darwin-x64/-/oxide-darwin-x64-4.1.16.tgz 0ms (cache hit)
273 http cache @tailwindcss/oxide@https://registry.npmjs.org/@tailwindcss/oxide/-/oxide-4.1.16.tgz 0ms (cache hit)
274 http cache @tailwindcss/node@https://registry.npmjs.org/@tailwindcss/node/-/node-4.1.16.tgz 0ms (cache hit)
275 http cache @rollup/rollup-darwin-x64@https://registry.npmjs.org/@rollup/rollup-darwin-x64/-/rollup-darwin-x64-4.52.5.tgz 0ms (cache hit)
276 http cache @rolldown/pluginutils@https://registry.npmjs.org/@rolldown/pluginutils/-/pluginutils-1.0.0-beta.43.tgz 0ms (cache hit)
277 http cache @replit/vite-plugin-runtime-error-modal@https://registry.npmjs.org/@replit/vite-plugin-runtime-error-modal/-/vite-plugin-runtime-error-modal-0.0.4.tgz 0ms (cache hit)
278 http cache @replit/vite-plugin-dev-banner@https://registry.npmjs.org/@replit/vite-plugin-dev-banner/-/vite-plugin-dev-banner-0.1.1.tgz 0ms (cache hit)
279 http cache @replit/vite-plugin-cartographer@https://registry.npmjs.org/@replit/vite-plugin-cartographer/-/vite-plugin-cartographer-0.4.4.tgz 0ms (cache hit)
280 http cache @radix-ui/rect@https://registry.npmjs.org/@radix-ui/rect/-/rect-1.1.1.tgz 0ms (cache hit)
281 http cache @radix-ui/react-visually-hidden@https://registry.npmjs.org/@radix-ui/react-visually-hidden/-/react-visually-hidden-1.2.3.tgz 0ms (cache hit)
282 http cache @radix-ui/react-use-size@https://registry.npmjs.org/@radix-ui/react-use-size/-/react-use-size-1.1.1.tgz 0ms (cache hit)
283 http cache @radix-ui/react-use-rect@https://registry.npmjs.org/@radix-ui/react-use-rect/-/react-use-rect-1.1.1.tgz 0ms (cache hit)
284 http cache @radix-ui/react-use-previous@https://registry.npmjs.org/@radix-ui/react-use-previous/-/react-use-previous-1.1.1.tgz 0ms (cache hit)
285 http cache @radix-ui/react-use-layout-effect@https://registry.npmjs.org/@radix-ui/react-use-layout-effect/-/react-use-layout-effect-1.1.1.tgz 0ms (cache hit)
286 http cache @radix-ui/react-use-is-hydrated@https://registry.npmjs.org/@radix-ui/react-use-is-hydrated/-/react-use-is-hydrated-0.1.0.tgz 0ms (cache hit)
287 http cache @radix-ui/react-use-escape-keydown@https://registry.npmjs.org/@radix-ui/react-use-escape-keydown/-/react-use-escape-keydown-1.1.1.tgz 0ms (cache hit)
288 http cache @radix-ui/react-use-effect-event@https://registry.npmjs.org/@radix-ui/react-use-effect-event/-/react-use-effect-event-0.0.2.tgz 0ms (cache hit)
289 http cache @radix-ui/react-use-controllable-state@https://registry.npmjs.org/@radix-ui/react-use-controllable-state/-/react-use-controllable-state-1.1.1.tgz 0ms (cache hit)
290 http cache @radix-ui/react-use-callback-ref@https://registry.npmjs.org/@radix-ui/react-use-callback-ref/-/react-use-callback-ref-1.1.1.tgz 0ms (cache hit)
291 http cache @radix-ui/react-tooltip@https://registry.npmjs.org/@radix-ui/react-tooltip/-/react-tooltip-1.2.8.tgz 0ms (cache hit)
292 http cache @radix-ui/react-toggle-group@https://registry.npmjs.org/@radix-ui/react-toggle-group/-/react-toggle-group-1.1.11.tgz 0ms (cache hit)
293 http cache @radix-ui/react-toggle@https://registry.npmjs.org/@radix-ui/react-toggle/-/react-toggle-1.1.10.tgz 0ms (cache hit)
294 http cache @radix-ui/react-toast@https://registry.npmjs.org/@radix-ui/react-toast/-/react-toast-1.2.7.tgz 0ms (cache hit)
295 http cache @radix-ui/react-tabs@https://registry.npmjs.org/@radix-ui/react-tabs/-/react-tabs-1.1.13.tgz 0ms (cache hit)
296 http cache @radix-ui/react-switch@https://registry.npmjs.org/@radix-ui/react-switch/-/react-switch-1.2.6.tgz 0ms (cache hit)
297 http cache @radix-ui/react-slot@https://registry.npmjs.org/@radix-ui/react-slot/-/react-slot-1.2.4.tgz 0ms (cache hit)
298 http cache @radix-ui/react-slider@https://registry.npmjs.org/@radix-ui/react-slider/-/react-slider-1.3.6.tgz 0ms (cache hit)
299 http cache @radix-ui/react-separator@https://registry.npmjs.org/@radix-ui/react-separator/-/react-separator-1.1.8.tgz 0ms (cache hit)
300 http cache @radix-ui/react-select@https://registry.npmjs.org/@radix-ui/react-select/-/react-select-2.2.6.tgz 0ms (cache hit)
301 http cache @radix-ui/react-scroll-area@https://registry.npmjs.org/@radix-ui/react-scroll-area/-/react-scroll-area-1.2.10.tgz 0ms (cache hit)
302 http cache @radix-ui/react-roving-focus@https://registry.npmjs.org/@radix-ui/react-roving-focus/-/react-roving-focus-1.1.11.tgz 0ms (cache hit)
303 http cache @radix-ui/react-radio-group@https://registry.npmjs.org/@radix-ui/react-radio-group/-/react-radio-group-1.3.8.tgz 0ms (cache hit)
304 http cache @radix-ui/react-progress@https://registry.npmjs.org/@radix-ui/react-progress/-/react-progress-1.1.8.tgz 0ms (cache hit)
305 http cache @radix-ui/react-presence@https://registry.npmjs.org/@radix-ui/react-presence/-/react-presence-1.1.5.tgz 0ms (cache hit)
306 http cache @radix-ui/react-primitive@https://registry.npmjs.org/@radix-ui/react-primitive/-/react-primitive-2.1.3.tgz 0ms (cache hit)
307 http cache @radix-ui/react-portal@https://registry.npmjs.org/@radix-ui/react-portal/-/react-portal-1.1.9.tgz 0ms (cache hit)
308 http cache @radix-ui/react-popper@https://registry.npmjs.org/@radix-ui/react-popper/-/react-popper-1.2.8.tgz 0ms (cache hit)
309 http cache @radix-ui/react-navigation-menu@https://registry.npmjs.org/@radix-ui/react-navigation-menu/-/react-navigation-menu-1.2.14.tgz 0ms (cache hit)
310 http cache @radix-ui/react-popover@https://registry.npmjs.org/@radix-ui/react-popover/-/react-popover-1.1.15.tgz 0ms (cache hit)
311 http cache @radix-ui/react-menubar@https://registry.npmjs.org/@radix-ui/react-menubar/-/react-menubar-1.1.16.tgz 0ms (cache hit)
312 http cache @radix-ui/react-menu@https://registry.npmjs.org/@radix-ui/react-menu/-/react-menu-2.1.16.tgz 0ms (cache hit)
313 http cache @radix-ui/react-label@https://registry.npmjs.org/@radix-ui/react-label/-/react-label-2.1.8.tgz 0ms (cache hit)
314 http cache @radix-ui/react-id@https://registry.npmjs.org/@radix-ui/react-id/-/react-id-1.1.1.tgz 0ms (cache hit)
315 http cache @radix-ui/react-hover-card@https://registry.npmjs.org/@radix-ui/react-hover-card/-/react-hover-card-1.1.15.tgz 0ms (cache hit)
316 http cache @radix-ui/react-focus-scope@https://registry.npmjs.org/@radix-ui/react-focus-scope/-/react-focus-scope-1.1.7.tgz 0ms (cache hit)
317 http cache @radix-ui/react-focus-guards@https://registry.npmjs.org/@radix-ui/react-focus-guards/-/react-focus-guards-1.1.3.tgz 0ms (cache hit)
318 http cache @radix-ui/react-dropdown-menu@https://registry.npmjs.org/@radix-ui/react-dropdown-menu/-/react-dropdown-menu-2.1.16.tgz 0ms (cache hit)
319 http cache @radix-ui/react-dismissable-layer@https://registry.npmjs.org/@radix-ui/react-dismissable-layer/-/react-dismissable-layer-1.1.11.tgz 0ms (cache hit)
320 http cache @radix-ui/react-direction@https://registry.npmjs.org/@radix-ui/react-direction/-/react-direction-1.1.1.tgz 0ms (cache hit)
321 http cache @radix-ui/react-dialog@https://registry.npmjs.org/@radix-ui/react-dialog/-/react-dialog-1.1.15.tgz 0ms (cache hit)
322 http cache @radix-ui/react-context-menu@https://registry.npmjs.org/@radix-ui/react-context-menu/-/react-context-menu-2.2.16.tgz 0ms (cache hit)
323 http cache @radix-ui/react-context@https://registry.npmjs.org/@radix-ui/react-context/-/react-context-1.1.2.tgz 0ms (cache hit)
324 http cache @radix-ui/react-compose-refs@https://registry.npmjs.org/@radix-ui/react-compose-refs/-/react-compose-refs-1.1.2.tgz 0ms (cache hit)
325 http cache @radix-ui/react-collection@https://registry.npmjs.org/@radix-ui/react-collection/-/react-collection-1.1.7.tgz 0ms (cache hit)
326 http cache @radix-ui/react-collapsible@https://registry.npmjs.org/@radix-ui/react-collapsible/-/react-collapsible-1.1.12.tgz 0ms (cache hit)
327 http cache @radix-ui/react-checkbox@https://registry.npmjs.org/@radix-ui/react-checkbox/-/react-checkbox-1.3.3.tgz 0ms (cache hit)
328 http cache @radix-ui/react-avatar@https://registry.npmjs.org/@radix-ui/react-avatar/-/react-avatar-1.1.11.tgz 0ms (cache hit)
329 http cache @radix-ui/react-aspect-ratio@https://registry.npmjs.org/@radix-ui/react-aspect-ratio/-/react-aspect-ratio-1.1.8.tgz 0ms (cache hit)
330 http cache @radix-ui/react-arrow@https://registry.npmjs.org/@radix-ui/react-arrow/-/react-arrow-1.1.7.tgz 0ms (cache hit)
331 http cache @radix-ui/react-alert-dialog@https://registry.npmjs.org/@radix-ui/react-alert-dialog/-/react-alert-dialog-1.1.15.tgz 0ms (cache hit)
332 http cache @radix-ui/react-accordion@https://registry.npmjs.org/@radix-ui/react-accordion/-/react-accordion-1.2.12.tgz 0ms (cache hit)
333 http cache @radix-ui/primitive@https://registry.npmjs.org/@radix-ui/primitive/-/primitive-1.1.2.tgz 0ms (cache hit)
334 http cache @radix-ui/number@https://registry.npmjs.org/@radix-ui/number/-/number-1.1.1.tgz 0ms (cache hit)
335 http cache @jridgewell/trace-mapping@https://registry.npmjs.org/@jridgewell/trace-mapping/-/trace-mapping-0.3.31.tgz 0ms (cache hit)
336 http cache @jridgewell/sourcemap-codec@https://registry.npmjs.org/@jridgewell/sourcemap-codec/-/sourcemap-codec-1.5.5.tgz 0ms (cache hit)
337 http cache @jridgewell/resolve-uri@https://registry.npmjs.org/@jridgewell/resolve-uri/-/resolve-uri-3.1.2.tgz 0ms (cache hit)
338 http cache @jridgewell/remapping@https://registry.npmjs.org/@jridgewell/remapping/-/remapping-2.3.5.tgz 0ms (cache hit)
339 http cache @jridgewell/gen-mapping@https://registry.npmjs.org/@jridgewell/gen-mapping/-/gen-mapping-0.3.13.tgz 0ms (cache hit)
340 http cache @hookform/resolvers@https://registry.npmjs.org/@hookform/resolvers/-/resolvers-3.10.0.tgz 0ms (cache hit)
341 http cache @floating-ui/utils@https://registry.npmjs.org/@floating-ui/utils/-/utils-0.2.10.tgz 0ms (cache hit)
342 http cache @floating-ui/react-dom@https://registry.npmjs.org/@floating-ui/react-dom/-/react-dom-2.1.6.tgz 0ms (cache hit)
343 http cache @floating-ui/dom@https://registry.npmjs.org/@floating-ui/dom/-/dom-1.7.4.tgz 0ms (cache hit)
344 http cache @floating-ui/core@https://registry.npmjs.org/@floating-ui/core/-/core-1.7.3.tgz 0ms (cache hit)
345 http cache @esbuild/darwin-x64@https://registry.npmjs.org/@esbuild/darwin-x64/-/darwin-x64-0.25.9.tgz 0ms (cache hit)
346 http cache @esbuild-kit/esm-loader@https://registry.npmjs.org/@esbuild-kit/esm-loader/-/esm-loader-2.6.5.tgz 0ms (cache hit)
347 http cache @esbuild-kit/core-utils@https://registry.npmjs.org/@esbuild-kit/core-utils/-/core-utils-3.3.2.tgz 0ms (cache hit)
348 http cache @drizzle-team/brocli@https://registry.npmjs.org/@drizzle-team/brocli/-/brocli-0.10.2.tgz 0ms (cache hit)
349 http cache @date-fns/tz@https://registry.npmjs.org/@date-fns/tz/-/tz-1.4.1.tgz 0ms (cache hit)
350 http cache @babel/types@https://registry.npmjs.org/@babel/types/-/types-7.28.4.tgz 0ms (cache hit)
351 http cache @babel/traverse@https://registry.npmjs.org/@babel/traverse/-/traverse-7.28.4.tgz 0ms (cache hit)
352 http cache @babel/template@https://registry.npmjs.org/@babel/template/-/template-7.27.2.tgz 0ms (cache hit)
353 http cache @babel/runtime@https://registry.npmjs.org/@babel/runtime/-/runtime-7.28.4.tgz 0ms (cache hit)
354 http cache @babel/plugin-transform-react-jsx-source@https://registry.npmjs.org/@babel/plugin-transform-react-jsx-source/-/plugin-transform-react-jsx-source-7.27.1.tgz 0ms (cache hit)
355 http cache @babel/plugin-transform-react-jsx-self@https://registry.npmjs.org/@babel/plugin-transform-react-jsx-self/-/plugin-transform-react-jsx-self-7.27.1.tgz 0ms (cache hit)
356 http cache @babel/parser@https://registry.npmjs.org/@babel/parser/-/parser-7.28.4.tgz 0ms (cache hit)
357 http cache @babel/helpers@https://registry.npmjs.org/@babel/helpers/-/helpers-7.28.4.tgz 0ms (cache hit)
358 http cache @babel/helper-validator-option@https://registry.npmjs.org/@babel/helper-validator-option/-/helper-validator-option-7.27.1.tgz 0ms (cache hit)
359 http cache @babel/helper-validator-identifier@https://registry.npmjs.org/@babel/helper-validator-identifier/-/helper-validator-identifier-7.27.1.tgz 0ms (cache hit)
360 http cache @babel/helper-string-parser@https://registry.npmjs.org/@babel/helper-string-parser/-/helper-string-parser-7.27.1.tgz 0ms (cache hit)
361 http cache @babel/helper-plugin-utils@https://registry.npmjs.org/@babel/helper-plugin-utils/-/helper-plugin-utils-7.27.1.tgz 0ms (cache hit)
362 http cache @babel/helper-module-transforms@https://registry.npmjs.org/@babel/helper-module-transforms/-/helper-module-transforms-7.28.3.tgz 0ms (cache hit)
363 http cache @babel/helper-module-imports@https://registry.npmjs.org/@babel/helper-module-imports/-/helper-module-imports-7.27.1.tgz 0ms (cache hit)
364 http cache @babel/helper-globals@https://registry.npmjs.org/@babel/helper-globals/-/helper-globals-7.28.0.tgz 0ms (cache hit)
365 http cache @babel/helper-compilation-targets@https://registry.npmjs.org/@babel/helper-compilation-targets/-/helper-compilation-targets-7.27.2.tgz 0ms (cache hit)
366 http cache @babel/generator@https://registry.npmjs.org/@babel/generator/-/generator-7.28.3.tgz 0ms (cache hit)
367 http cache @babel/core@https://registry.npmjs.org/@babel/core/-/core-7.28.4.tgz 0ms (cache hit)
368 http cache @babel/compat-data@https://registry.npmjs.org/@babel/compat-data/-/compat-data-7.28.4.tgz 0ms (cache hit)
369 http cache @babel/code-frame@https://registry.npmjs.org/@babel/code-frame/-/code-frame-7.27.1.tgz 0ms (cache hit)
370 http cache encodeurl@https://registry.npmjs.org/encodeurl/-/encodeurl-1.0.2.tgz 0ms (cache hit)
371 http cache debug@https://registry.npmjs.org/debug/-/debug-2.6.9.tgz 0ms (cache hit)
372 http cache ms@https://registry.npmjs.org/ms/-/ms-2.0.0.tgz 0ms (cache hit)
373 http cache date-fns@https://registry.npmjs.org/date-fns/-/date-fns-4.1.0.tgz 0ms (cache hit)
374 http cache http-errors@https://registry.npmjs.org/http-errors/-/http-errors-2.0.1.tgz 0ms (cache hit)
375 http cache react-is@https://registry.npmjs.org/react-is/-/react-is-16.13.1.tgz 0ms (cache hit)
376 http cache postgres-interval@https://registry.npmjs.org/postgres-interval/-/postgres-interval-1.2.0.tgz 0ms (cache hit)
377 http cache postgres-date@https://registry.npmjs.org/postgres-date/-/postgres-date-1.0.7.tgz 0ms (cache hit)
378 http cache postgres-array@https://registry.npmjs.org/postgres-array/-/postgres-array-2.0.0.tgz 0ms (cache hit)
379 http cache postgres-bytea@https://registry.npmjs.org/postgres-bytea/-/postgres-bytea-1.0.0.tgz 0ms (cache hit)
380 http cache pg-types@https://registry.npmjs.org/pg-types/-/pg-types-2.2.0.tgz 0ms (cache hit)
381 http cache yallist@https://registry.npmjs.org/yallist/-/yallist-2.1.2.tgz 0ms (cache hit)
382 http cache lru-cache@https://registry.npmjs.org/lru-cache/-/lru-cache-4.1.5.tgz 0ms (cache hit)
383 http cache ms@https://registry.npmjs.org/ms/-/ms-2.0.0.tgz 0ms (cache hit)
384 http cache debug@https://registry.npmjs.org/debug/-/debug-2.6.9.tgz 0ms (cache hit)
385 http cache ms@https://registry.npmjs.org/ms/-/ms-2.0.0.tgz 0ms (cache hit)
386 http cache debug@https://registry.npmjs.org/debug/-/debug-2.6.9.tgz 0ms (cache hit)
387 http cache cookie-signature@https://registry.npmjs.org/cookie-signature/-/cookie-signature-1.0.7.tgz 0ms (cache hit)
388 http cache cookie@https://registry.npmjs.org/cookie/-/cookie-0.7.2.tgz 0ms (cache hit)
389 http cache statuses@https://registry.npmjs.org/statuses/-/statuses-2.0.2.tgz 0ms (cache hit)
390 http cache ms@https://registry.npmjs.org/ms/-/ms-2.0.0.tgz 0ms (cache hit)
391 http cache statuses@https://registry.npmjs.org/statuses/-/statuses-2.0.2.tgz 0ms (cache hit)
392 http cache ms@https://registry.npmjs.org/ms/-/ms-2.0.0.tgz 0ms (cache hit)
393 http cache http-errors@https://registry.npmjs.org/http-errors/-/http-errors-2.0.1.tgz 0ms (cache hit)
394 http cache debug@https://registry.npmjs.org/debug/-/debug-2.6.9.tgz 0ms (cache hit)
395 http cache @radix-ui/react-use-controllable-state@https://registry.npmjs.org/@radix-ui/react-use-controllable-state/-/react-use-controllable-state-1.2.2.tgz 0ms (cache hit)
396 http cache @radix-ui/primitive@https://registry.npmjs.org/@radix-ui/primitive/-/primitive-1.1.3.tgz 0ms (cache hit)
397 http cache @radix-ui/react-use-controllable-state@https://registry.npmjs.org/@radix-ui/react-use-controllable-state/-/react-use-controllable-state-1.2.2.tgz 0ms (cache hit)
398 http cache @radix-ui/primitive@https://registry.npmjs.org/@radix-ui/primitive/-/primitive-1.1.3.tgz 0ms (cache hit)
399 http cache @radix-ui/react-use-controllable-state@https://registry.npmjs.org/@radix-ui/react-use-controllable-state/-/react-use-controllable-state-1.2.2.tgz 0ms (cache hit)
400 http cache debug@https://registry.npmjs.org/debug/-/debug-2.6.9.tgz 0ms (cache hit)
401 http cache @radix-ui/react-visually-hidden@https://registry.npmjs.org/@radix-ui/react-visually-hidden/-/react-visually-hidden-1.1.3.tgz 0ms (cache hit)
402 http cache @radix-ui/react-slot@https://registry.npmjs.org/@radix-ui/react-slot/-/react-slot-1.2.0.tgz 0ms (cache hit)
403 http cache @radix-ui/react-slot@https://registry.npmjs.org/@radix-ui/react-slot/-/react-slot-1.2.3.tgz 0ms (cache hit)
404 http cache @radix-ui/react-primitive@https://registry.npmjs.org/@radix-ui/react-primitive/-/react-primitive-2.0.3.tgz 0ms (cache hit)
405 http cache @radix-ui/react-presence@https://registry.npmjs.org/@radix-ui/react-presence/-/react-presence-1.1.3.tgz 0ms (cache hit)
406 http cache @radix-ui/react-portal@https://registry.npmjs.org/@radix-ui/react-portal/-/react-portal-1.1.5.tgz 0ms (cache hit)
407 http cache @radix-ui/react-dismissable-layer@https://registry.npmjs.org/@radix-ui/react-dismissable-layer/-/react-dismissable-layer-1.1.6.tgz 0ms (cache hit)
408 http cache @radix-ui/react-collection@https://registry.npmjs.org/@radix-ui/react-collection/-/react-collection-1.1.3.tgz 0ms (cache hit)
409 http cache @radix-ui/react-use-controllable-state@https://registry.npmjs.org/@radix-ui/react-use-controllable-state/-/react-use-controllable-state-1.2.2.tgz 0ms (cache hit)
410 http cache @radix-ui/primitive@https://registry.npmjs.org/@radix-ui/primitive/-/primitive-1.1.3.tgz 0ms (cache hit)
411 http cache @radix-ui/primitive@https://registry.npmjs.org/@radix-ui/primitive/-/primitive-1.1.3.tgz 0ms (cache hit)
412 http cache @radix-ui/react-use-controllable-state@https://registry.npmjs.org/@radix-ui/react-use-controllable-state/-/react-use-controllable-state-1.2.2.tgz 0ms (cache hit)
413 http cache @radix-ui/primitive@https://registry.npmjs.org/@radix-ui/primitive/-/primitive-1.1.3.tgz 0ms (cache hit)
414 http cache @radix-ui/primitive@https://registry.npmjs.org/@radix-ui/primitive/-/primitive-1.1.3.tgz 0ms (cache hit)
415 http cache @radix-ui/react-use-controllable-state@https://registry.npmjs.org/@radix-ui/react-use-controllable-state/-/react-use-controllable-state-1.2.2.tgz 0ms (cache hit)
416 http cache @radix-ui/react-primitive@https://registry.npmjs.org/@radix-ui/react-primitive/-/react-primitive-2.1.4.tgz 0ms (cache hit)
417 http cache @radix-ui/react-use-controllable-state@https://registry.npmjs.org/@radix-ui/react-use-controllable-state/-/react-use-controllable-state-1.2.2.tgz 0ms (cache hit)
418 http cache @radix-ui/react-slot@https://registry.npmjs.org/@radix-ui/react-slot/-/react-slot-1.2.3.tgz 0ms (cache hit)
419 http cache @radix-ui/primitive@https://registry.npmjs.org/@radix-ui/primitive/-/primitive-1.1.3.tgz 0ms (cache hit)
420 http cache @radix-ui/react-use-controllable-state@https://registry.npmjs.org/@radix-ui/react-use-controllable-state/-/react-use-controllable-state-1.2.2.tgz 0ms (cache hit)
421 http cache @radix-ui/primitive@https://registry.npmjs.org/@radix-ui/primitive/-/primitive-1.1.3.tgz 0ms (cache hit)
422 http cache @radix-ui/primitive@https://registry.npmjs.org/@radix-ui/primitive/-/primitive-1.1.3.tgz 0ms (cache hit)
423 http cache @radix-ui/primitive@https://registry.npmjs.org/@radix-ui/primitive/-/primitive-1.1.3.tgz 0ms (cache hit)
424 http cache @radix-ui/react-context@https://registry.npmjs.org/@radix-ui/react-context/-/react-context-1.1.3.tgz 1ms (cache hit)
425 http cache @radix-ui/react-primitive@https://registry.npmjs.org/@radix-ui/react-primitive/-/react-primitive-2.1.4.tgz 0ms (cache hit)
426 http cache @radix-ui/primitive@https://registry.npmjs.org/@radix-ui/primitive/-/primitive-1.1.3.tgz 0ms (cache hit)
427 http cache @radix-ui/react-use-controllable-state@https://registry.npmjs.org/@radix-ui/react-use-controllable-state/-/react-use-controllable-state-1.2.2.tgz 0ms (cache hit)
428 http cache @radix-ui/react-slot@https://registry.npmjs.org/@radix-ui/react-slot/-/react-slot-1.2.3.tgz 0ms (cache hit)
429 http cache @radix-ui/react-use-controllable-state@https://registry.npmjs.org/@radix-ui/react-use-controllable-state/-/react-use-controllable-state-1.2.2.tgz 0ms (cache hit)
430 http cache @radix-ui/primitive@https://registry.npmjs.org/@radix-ui/primitive/-/primitive-1.1.3.tgz 0ms (cache hit)
431 http cache @radix-ui/react-use-controllable-state@https://registry.npmjs.org/@radix-ui/react-use-controllable-state/-/react-use-controllable-state-1.2.2.tgz 0ms (cache hit)
432 http cache @radix-ui/react-use-controllable-state@https://registry.npmjs.org/@radix-ui/react-use-controllable-state/-/react-use-controllable-state-1.2.2.tgz 0ms (cache hit)
433 http cache @radix-ui/primitive@https://registry.npmjs.org/@radix-ui/primitive/-/primitive-1.1.3.tgz 0ms (cache hit)
434 http cache @radix-ui/react-slot@https://registry.npmjs.org/@radix-ui/react-slot/-/react-slot-1.2.3.tgz 0ms (cache hit)
435 http cache @radix-ui/primitive@https://registry.npmjs.org/@radix-ui/primitive/-/primitive-1.1.3.tgz 0ms (cache hit)
436 http cache @radix-ui/react-primitive@https://registry.npmjs.org/@radix-ui/react-primitive/-/react-primitive-2.1.4.tgz 0ms (cache hit)
437 http cache @radix-ui/primitive@https://registry.npmjs.org/@radix-ui/primitive/-/primitive-1.1.3.tgz 0ms (cache hit)
438 http cache @radix-ui/react-use-controllable-state@https://registry.npmjs.org/@radix-ui/react-use-controllable-state/-/react-use-controllable-state-1.2.2.tgz 0ms (cache hit)
439 http cache @radix-ui/primitive@https://registry.npmjs.org/@radix-ui/primitive/-/primitive-1.1.3.tgz 0ms (cache hit)
440 http cache @radix-ui/react-use-controllable-state@https://registry.npmjs.org/@radix-ui/react-use-controllable-state/-/react-use-controllable-state-1.2.2.tgz 0ms (cache hit)
441 http cache @radix-ui/primitive@https://registry.npmjs.org/@radix-ui/primitive/-/primitive-1.1.3.tgz 0ms (cache hit)
442 http cache @radix-ui/react-slot@https://registry.npmjs.org/@radix-ui/react-slot/-/react-slot-1.2.3.tgz 0ms (cache hit)
443 http cache @radix-ui/react-use-controllable-state@https://registry.npmjs.org/@radix-ui/react-use-controllable-state/-/react-use-controllable-state-1.2.2.tgz 0ms (cache hit)
444 http cache @radix-ui/primitive@https://registry.npmjs.org/@radix-ui/primitive/-/primitive-1.1.3.tgz 0ms (cache hit)
445 http cache @radix-ui/react-slot@https://registry.npmjs.org/@radix-ui/react-slot/-/react-slot-1.2.3.tgz 0ms (cache hit)
446 http cache @radix-ui/react-slot@https://registry.npmjs.org/@radix-ui/react-slot/-/react-slot-1.2.3.tgz 0ms (cache hit)
447 http cache @radix-ui/react-use-controllable-state@https://registry.npmjs.org/@radix-ui/react-use-controllable-state/-/react-use-controllable-state-1.2.2.tgz 0ms (cache hit)
448 http cache @radix-ui/primitive@https://registry.npmjs.org/@radix-ui/primitive/-/primitive-1.1.3.tgz 0ms (cache hit)
449 http cache @radix-ui/primitive@https://registry.npmjs.org/@radix-ui/primitive/-/primitive-1.1.3.tgz 0ms (cache hit)
450 http cache @radix-ui/react-use-controllable-state@https://registry.npmjs.org/@radix-ui/react-use-controllable-state/-/react-use-controllable-state-1.2.2.tgz 0ms (cache hit)
451 http cache @radix-ui/react-primitive@https://registry.npmjs.org/@radix-ui/react-primitive/-/react-primitive-2.1.4.tgz 0ms (cache hit)
452 http cache @radix-ui/react-context@https://registry.npmjs.org/@radix-ui/react-context/-/react-context-1.1.3.tgz 0ms (cache hit)
453 http cache @radix-ui/react-slot@https://registry.npmjs.org/@radix-ui/react-slot/-/react-slot-1.2.3.tgz 0ms (cache hit)
454 http cache @radix-ui/react-primitive@https://registry.npmjs.org/@radix-ui/react-primitive/-/react-primitive-2.1.4.tgz 0ms (cache hit)
455 http cache @radix-ui/primitive@https://registry.npmjs.org/@radix-ui/primitive/-/primitive-1.1.3.tgz 0ms (cache hit)
456 http cache @radix-ui/react-use-controllable-state@https://registry.npmjs.org/@radix-ui/react-use-controllable-state/-/react-use-controllable-state-1.2.2.tgz 0ms (cache hit)
457 http cache @radix-ui/primitive@https://registry.npmjs.org/@radix-ui/primitive/-/primitive-1.1.3.tgz 0ms (cache hit)
458 http cache esbuild@https://registry.npmjs.org/esbuild/-/esbuild-0.18.20.tgz 1ms (cache hit)
459 http cache @esbuild/darwin-x64@https://registry.npmjs.org/@esbuild/darwin-x64/-/darwin-x64-0.18.20.tgz 0ms (cache hit)
460 silly tarball no local data for zod-validation-error@https://registry.npmjs.org/zod-validation-error/-/zod-validation-error-3.4.0.tgz. Extracting by manifest.
461 http cache @radix-ui/primitive@https://registry.npmjs.org/@radix-ui/primitive/-/primitive-1.1.3.tgz 0ms (cache hit)
462 silly tarball no local data for yallist@https://registry.npmjs.org/yallist/-/yallist-3.1.1.tgz. Extracting by manifest.
463 silly tarball no local data for zod@https://registry.npmjs.org/zod/-/zod-3.25.76.tgz. Extracting by manifest.
464 http cache @radix-ui/react-use-controllable-state@https://registry.npmjs.org/@radix-ui/react-use-controllable-state/-/react-use-controllable-state-1.2.2.tgz 0ms (cache hit)
465 silly tarball no local data for xtend@https://registry.npmjs.org/xtend/-/xtend-4.0.2.tgz. Extracting by manifest.
466 silly tarball no local data for ws@https://registry.npmjs.org/ws/-/ws-8.18.0.tgz. Extracting by manifest.
467 silly tarball no local data for wouter@https://registry.npmjs.org/wouter/-/wouter-3.3.5.tgz. Extracting by manifest.
468 silly tarball no local data for vite@https://registry.npmjs.org/vite/-/vite-7.1.12.tgz. Extracting by manifest.
469 silly tarball no local data for victory-vendor@https://registry.npmjs.org/victory-vendor/-/victory-vendor-36.9.2.tgz. Extracting by manifest.
470 silly tarball no local data for vaul@https://registry.npmjs.org/vaul/-/vaul-1.1.2.tgz. Extracting by manifest.
471 silly tarball no local data for vary@https://registry.npmjs.org/vary/-/vary-1.1.2.tgz. Extracting by manifest.
472 silly tarball no local data for utils-merge@https://registry.npmjs.org/utils-merge/-/utils-merge-1.0.1.tgz. Extracting by manifest.
473 silly tarball no local data for use-sync-external-store@https://registry.npmjs.org/use-sync-external-store/-/use-sync-external-store-1.6.0.tgz. Extracting by manifest.
474 silly tarball no local data for use-sidecar@https://registry.npmjs.org/use-sidecar/-/use-sidecar-1.1.3.tgz. Extracting by manifest.
475 silly tarball no local data for use-callback-ref@https://registry.npmjs.org/use-callback-ref/-/use-callback-ref-1.3.3.tgz. Extracting by manifest.
476 silly tarball no local data for update-browserslist-db@https://registry.npmjs.org/update-browserslist-db/-/update-browserslist-db-1.1.4.tgz. Extracting by manifest.
477 silly tarball no local data for unpipe@https://registry.npmjs.org/unpipe/-/unpipe-1.0.0.tgz. Extracting by manifest.
478 silly tarball no local data for uid-safe@https://registry.npmjs.org/uid-safe/-/uid-safe-2.1.5.tgz. Extracting by manifest.
479 silly tarball no local data for undici-types@https://registry.npmjs.org/undici-types/-/undici-types-6.21.0.tgz. Extracting by manifest.
480 silly tarball no local data for typescript@https://registry.npmjs.org/typescript/-/typescript-5.6.3.tgz. Extracting by manifest.
481 silly tarball no local data for tw-animate-css@https://registry.npmjs.org/tw-animate-css/-/tw-animate-css-1.4.0.tgz. Extracting by manifest.
482 silly tarball no local data for tsx@https://registry.npmjs.org/tsx/-/tsx-4.20.5.tgz. Extracting by manifest.
483 silly tarball no local data for toidentifier@https://registry.npmjs.org/toidentifier/-/toidentifier-1.0.1.tgz. Extracting by manifest.
484 silly tarball no local data for type-is@https://registry.npmjs.org/type-is/-/type-is-1.6.18.tgz. Extracting by manifest.
485 silly tarball no local data for tinyglobby@https://registry.npmjs.org/tinyglobby/-/tinyglobby-0.2.15.tgz. Extracting by manifest.
486 silly tarball no local data for tslib@https://registry.npmjs.org/tslib/-/tslib-2.8.1.tgz. Extracting by manifest.
487 silly tarball no local data for tiny-invariant@https://registry.npmjs.org/tiny-invariant/-/tiny-invariant-1.3.3.tgz. Extracting by manifest.
488 silly tarball no local data for tapable@https://registry.npmjs.org/tapable/-/tapable-2.3.0.tgz. Extracting by manifest.
489 silly tarball no local data for tailwind-merge@https://registry.npmjs.org/tailwind-merge/-/tailwind-merge-3.3.1.tgz. Extracting by manifest.
490 silly tarball no local data for tailwindcss@https://registry.npmjs.org/tailwindcss/-/tailwindcss-4.1.16.tgz. Extracting by manifest.
491 silly tarball no local data for tailwindcss-animate@https://registry.npmjs.org/tailwindcss-animate/-/tailwindcss-animate-1.0.7.tgz. Extracting by manifest.
492 silly tarball no local data for statuses@https://registry.npmjs.org/statuses/-/statuses-2.0.1.tgz. Extracting by manifest.
493 silly tarball no local data for split2@https://registry.npmjs.org/split2/-/split2-4.2.0.tgz. Extracting by manifest.
494 silly tarball no local data for source-map-js@https://registry.npmjs.org/source-map-js/-/source-map-js-1.2.1.tgz. Extracting by manifest.
495 silly tarball no local data for source-map-support@https://registry.npmjs.org/source-map-support/-/source-map-support-0.5.21.tgz. Extracting by manifest.
496 silly tarball no local data for source-map@https://registry.npmjs.org/source-map/-/source-map-0.6.1.tgz. Extracting by manifest.
497 silly tarball no local data for sonner@https://registry.npmjs.org/sonner/-/sonner-2.0.7.tgz. Extracting by manifest.
498 silly tarball no local data for side-channel-weakmap@https://registry.npmjs.org/side-channel-weakmap/-/side-channel-weakmap-1.0.2.tgz. Extracting by manifest.
499 silly tarball no local data for side-channel-map@https://registry.npmjs.org/side-channel-map/-/side-channel-map-1.0.1.tgz. Extracting by manifest.
500 silly tarball no local data for side-channel-list@https://registry.npmjs.org/side-channel-list/-/side-channel-list-1.0.0.tgz. Extracting by manifest.
501 silly tarball no local data for side-channel@https://registry.npmjs.org/side-channel/-/side-channel-1.1.0.tgz. Extracting by manifest.
502 silly tarball no local data for setprototypeof@https://registry.npmjs.org/setprototypeof/-/setprototypeof-1.2.0.tgz. Extracting by manifest.
503 silly tarball no local data for serve-static@https://registry.npmjs.org/serve-static/-/serve-static-1.16.2.tgz. Extracting by manifest.
504 silly tarball no local data for semver@https://registry.npmjs.org/semver/-/semver-6.3.1.tgz. Extracting by manifest.
505 silly tarball no local data for send@https://registry.npmjs.org/send/-/send-0.19.0.tgz. Extracting by manifest.
506 silly tarball no local data for scheduler@https://registry.npmjs.org/scheduler/-/scheduler-0.27.0.tgz. Extracting by manifest.
507 silly tarball no local data for rollup@https://registry.npmjs.org/rollup/-/rollup-4.52.5.tgz. Extracting by manifest.
508 silly tarball no local data for safe-buffer@https://registry.npmjs.org/safe-buffer/-/safe-buffer-5.2.1.tgz. Extracting by manifest.
509 silly tarball no local data for safer-buffer@https://registry.npmjs.org/safer-buffer/-/safer-buffer-2.1.2.tgz. Extracting by manifest.
510 silly tarball no local data for resolve-pkg-maps@https://registry.npmjs.org/resolve-pkg-maps/-/resolve-pkg-maps-1.0.0.tgz. Extracting by manifest.
511 silly tarball no local data for regexparam@https://registry.npmjs.org/regexparam/-/regexparam-3.0.0.tgz. Extracting by manifest.
512 silly tarball no local data for recharts-scale@https://registry.npmjs.org/recharts-scale/-/recharts-scale-0.4.5.tgz. Extracting by manifest.
513 silly tarball no local data for recharts@https://registry.npmjs.org/recharts/-/recharts-2.15.4.tgz. Extracting by manifest.
514 silly tarball no local data for react-transition-group@https://registry.npmjs.org/react-transition-group/-/react-transition-group-4.4.5.tgz. Extracting by manifest.
515 silly tarball no local data for react-style-singleton@https://registry.npmjs.org/react-style-singleton/-/react-style-singleton-2.2.3.tgz. Extracting by manifest.
516 silly tarball no local data for react-smooth@https://registry.npmjs.org/react-smooth/-/react-smooth-4.0.4.tgz. Extracting by manifest.
517 silly tarball no local data for react-resizable-panels@https://registry.npmjs.org/react-resizable-panels/-/react-resizable-panels-2.1.9.tgz. Extracting by manifest.
518 silly tarball no local data for react-remove-scroll@https://registry.npmjs.org/react-remove-scroll/-/react-remove-scroll-2.6.3.tgz. Extracting by manifest.
519 silly tarball no local data for react-remove-scroll-bar@https://registry.npmjs.org/react-remove-scroll-bar/-/react-remove-scroll-bar-2.3.8.tgz. Extracting by manifest.
520 silly tarball no local data for react-refresh@https://registry.npmjs.org/react-refresh/-/react-refresh-0.18.0.tgz. Extracting by manifest.
521 silly tarball no local data for react-is@https://registry.npmjs.org/react-is/-/react-is-18.3.1.tgz. Extracting by manifest.
522 silly tarball no local data for react-hook-form@https://registry.npmjs.org/react-hook-form/-/react-hook-form-7.66.0.tgz. Extracting by manifest.
523 silly tarball no local data for react-dom@https://registry.npmjs.org/react-dom/-/react-dom-19.2.0.tgz. Extracting by manifest.
524 silly tarball no local data for react@https://registry.npmjs.org/react/-/react-19.2.0.tgz. Extracting by manifest.
525 silly tarball no local data for react-day-picker@https://registry.npmjs.org/react-day-picker/-/react-day-picker-9.11.1.tgz. Extracting by manifest.
526 silly tarball no local data for range-parser@https://registry.npmjs.org/range-parser/-/range-parser-1.2.1.tgz. Extracting by manifest.
527 silly tarball no local data for qs@https://registry.npmjs.org/qs/-/qs-6.14.1.tgz. Extracting by manifest.
528 silly tarball no local data for raw-body@https://registry.npmjs.org/raw-body/-/raw-body-2.5.3.tgz. Extracting by manifest.
529 silly tarball no local data for pseudomap@https://registry.npmjs.org/pseudomap/-/pseudomap-1.0.2.tgz. Extracting by manifest.
530 silly tarball no local data for proxy-addr@https://registry.npmjs.org/proxy-addr/-/proxy-addr-2.0.7.tgz. Extracting by manifest.
531 silly tarball no local data for random-bytes@https://registry.npmjs.org/random-bytes/-/random-bytes-1.0.0.tgz. Extracting by manifest.
532 silly tarball no local data for postgres-range@https://registry.npmjs.org/postgres-range/-/postgres-range-1.1.4.tgz. Extracting by manifest.
533 silly tarball no local data for prop-types@https://registry.npmjs.org/prop-types/-/prop-types-15.8.1.tgz. Extracting by manifest.
534 silly tarball no local data for postgres-interval@https://registry.npmjs.org/postgres-interval/-/postgres-interval-3.0.0.tgz. Extracting by manifest.
535 silly tarball no local data for postgres-date@https://registry.npmjs.org/postgres-date/-/postgres-date-2.1.0.tgz. Extracting by manifest.
536 silly tarball no local data for postgres-bytea@https://registry.npmjs.org/postgres-bytea/-/postgres-bytea-3.0.0.tgz. Extracting by manifest.
537 silly tarball no local data for postgres-array@https://registry.npmjs.org/postgres-array/-/postgres-array-3.0.2.tgz. Extracting by manifest.
538 silly tarball no local data for postcss-value-parser@https://registry.npmjs.org/postcss-value-parser/-/postcss-value-parser-4.2.0.tgz. Extracting by manifest.
539 silly tarball no local data for postcss@https://registry.npmjs.org/postcss/-/postcss-8.5.6.tgz. Extracting by manifest.
540 silly tarball no local data for picomatch@https://registry.npmjs.org/picomatch/-/picomatch-4.0.3.tgz. Extracting by manifest.
541 silly tarball no local data for pgpass@https://registry.npmjs.org/pgpass/-/pgpass-1.0.5.tgz. Extracting by manifest.
542 silly tarball no local data for pg-types@https://registry.npmjs.org/pg-types/-/pg-types-4.0.2.tgz. Extracting by manifest.
543 silly tarball no local data for picocolors@https://registry.npmjs.org/picocolors/-/picocolors-1.1.1.tgz. Extracting by manifest.
544 silly tarball no local data for pg-protocol@https://registry.npmjs.org/pg-protocol/-/pg-protocol-1.10.3.tgz. Extracting by manifest.
545 silly tarball no local data for pg-numeric@https://registry.npmjs.org/pg-numeric/-/pg-numeric-1.0.2.tgz. Extracting by manifest.
546 silly tarball no local data for pg-int8@https://registry.npmjs.org/pg-int8/-/pg-int8-1.0.1.tgz. Extracting by manifest.
547 silly tarball no local data for pg-pool@https://registry.npmjs.org/pg-pool/-/pg-pool-3.10.1.tgz. Extracting by manifest.
548 silly tarball no local data for pg-cloudflare@https://registry.npmjs.org/pg-cloudflare/-/pg-cloudflare-1.2.7.tgz. Extracting by manifest.
549 silly tarball no local data for pg-connection-string@https://registry.npmjs.org/pg-connection-string/-/pg-connection-string-2.9.1.tgz. Extracting by manifest.
550 silly tarball no local data for pg@https://registry.npmjs.org/pg/-/pg-8.16.3.tgz. Extracting by manifest.
551 silly tarball no local data for path-to-regexp@https://registry.npmjs.org/path-to-regexp/-/path-to-regexp-0.1.12.tgz. Extracting by manifest.
552 silly tarball no local data for passport-strategy@https://registry.npmjs.org/passport-strategy/-/passport-strategy-1.0.0.tgz. Extracting by manifest.
553 silly tarball no local data for passport-local@https://registry.npmjs.org/passport-local/-/passport-local-1.0.0.tgz. Extracting by manifest.
554 silly tarball no local data for pause@https://registry.npmjs.org/pause/-/pause-0.0.1.tgz. Extracting by manifest.
555 silly tarball no local data for passport@https://registry.npmjs.org/passport/-/passport-0.7.0.tgz. Extracting by manifest.
556 silly tarball no local data for on-headers@https://registry.npmjs.org/on-headers/-/on-headers-1.1.0.tgz. Extracting by manifest.
557 silly tarball no local data for parseurl@https://registry.npmjs.org/parseurl/-/parseurl-1.3.3.tgz. Extracting by manifest.
558 silly tarball no local data for obuf@https://registry.npmjs.org/obuf/-/obuf-1.1.2.tgz. Extracting by manifest.
559 silly tarball no local data for on-finished@https://registry.npmjs.org/on-finished/-/on-finished-2.4.1.tgz. Extracting by manifest.
560 silly tarball no local data for object-assign@https://registry.npmjs.org/object-assign/-/object-assign-4.1.1.tgz. Extracting by manifest.
561 silly tarball no local data for object-inspect@https://registry.npmjs.org/object-inspect/-/object-inspect-1.13.4.tgz. Extracting by manifest.
562 silly tarball no local data for normalize-range@https://registry.npmjs.org/normalize-range/-/normalize-range-0.1.2.tgz. Extracting by manifest.
563 silly tarball no local data for node-releases@https://registry.npmjs.org/node-releases/-/node-releases-2.0.27.tgz. Extracting by manifest.
564 silly tarball no local data for next-themes@https://registry.npmjs.org/next-themes/-/next-themes-0.4.6.tgz. Extracting by manifest.
565 silly tarball no local data for node-gyp-build@https://registry.npmjs.org/node-gyp-build/-/node-gyp-build-4.8.3.tgz. Extracting by manifest.
566 silly tarball no local data for nanoid@https://registry.npmjs.org/nanoid/-/nanoid-3.3.11.tgz. Extracting by manifest.
567 silly tarball no local data for negotiator@https://registry.npmjs.org/negotiator/-/negotiator-0.6.3.tgz. Extracting by manifest.
568 silly tarball no local data for ms@https://registry.npmjs.org/ms/-/ms-2.1.3.tgz. Extracting by manifest.
569 silly tarball no local data for motion-utils@https://registry.npmjs.org/motion-utils/-/motion-utils-12.23.6.tgz. Extracting by manifest.
570 silly tarball no local data for motion-dom@https://registry.npmjs.org/motion-dom/-/motion-dom-12.23.23.tgz. Extracting by manifest.
571 silly tarball no local data for modern-screenshot@https://registry.npmjs.org/modern-screenshot/-/modern-screenshot-4.6.0.tgz. Extracting by manifest.
572 silly tarball no local data for mime-types@https://registry.npmjs.org/mime-types/-/mime-types-2.1.35.tgz. Extracting by manifest.
573 silly tarball no local data for mitt@https://registry.npmjs.org/mitt/-/mitt-3.0.1.tgz. Extracting by manifest.
574 silly tarball no local data for mime@https://registry.npmjs.org/mime/-/mime-1.6.0.tgz. Extracting by manifest.
575 silly tarball no local data for mime-db@https://registry.npmjs.org/mime-db/-/mime-db-1.52.0.tgz. Extracting by manifest.
576 silly tarball no local data for methods@https://registry.npmjs.org/methods/-/methods-1.1.2.tgz. Extracting by manifest.
577 silly tarball no local data for merge-descriptors@https://registry.npmjs.org/merge-descriptors/-/merge-descriptors-1.0.3.tgz. Extracting by manifest.
578 silly tarball no local data for media-typer@https://registry.npmjs.org/media-typer/-/media-typer-0.3.0.tgz. Extracting by manifest.
579 silly tarball no local data for memorystore@https://registry.npmjs.org/memorystore/-/memorystore-1.6.7.tgz. Extracting by manifest.
580 silly tarball no local data for magic-string@https://registry.npmjs.org/magic-string/-/magic-string-0.30.21.tgz. Extracting by manifest.
581 silly tarball no local data for math-intrinsics@https://registry.npmjs.org/math-intrinsics/-/math-intrinsics-1.1.0.tgz. Extracting by manifest.
582 silly tarball no local data for lru-cache@https://registry.npmjs.org/lru-cache/-/lru-cache-5.1.1.tgz. Extracting by manifest.
583 silly tarball no local data for lucide-react@https://registry.npmjs.org/lucide-react/-/lucide-react-0.545.0.tgz. Extracting by manifest.
584 silly tarball no local data for lodash@https://registry.npmjs.org/lodash/-/lodash-4.17.21.tgz. Extracting by manifest.
585 silly tarball no local data for loose-envify@https://registry.npmjs.org/loose-envify/-/loose-envify-1.4.0.tgz. Extracting by manifest.
586 silly tarball no local data for lightningcss-darwin-x64@https://registry.npmjs.org/lightningcss-darwin-x64/-/lightningcss-darwin-x64-1.30.2.tgz. Extracting by manifest.
587 silly tarball no local data for lightningcss@https://registry.npmjs.org/lightningcss/-/lightningcss-1.30.2.tgz. Extracting by manifest.
588 silly tarball no local data for json5@https://registry.npmjs.org/json5/-/json5-2.2.3.tgz. Extracting by manifest.
589 silly tarball no local data for jsesc@https://registry.npmjs.org/jsesc/-/jsesc-3.0.2.tgz. Extracting by manifest.
590 silly tarball no local data for jiti@https://registry.npmjs.org/jiti/-/jiti-2.6.1.tgz. Extracting by manifest.
591 silly tarball no local data for js-tokens@https://registry.npmjs.org/js-tokens/-/js-tokens-4.0.0.tgz. Extracting by manifest.
592 silly tarball no local data for internmap@https://registry.npmjs.org/internmap/-/internmap-2.0.3.tgz. Extracting by manifest.
593 silly tarball no local data for ipaddr.js@https://registry.npmjs.org/ipaddr.js/-/ipaddr.js-1.9.1.tgz. Extracting by manifest.
594 silly tarball no local data for inherits@https://registry.npmjs.org/inherits/-/inherits-2.0.4.tgz. Extracting by manifest.
595 silly tarball no local data for input-otp@https://registry.npmjs.org/input-otp/-/input-otp-1.4.2.tgz. Extracting by manifest.
596 silly tarball no local data for http-errors@https://registry.npmjs.org/http-errors/-/http-errors-2.0.0.tgz. Extracting by manifest.
597 silly tarball no local data for iconv-lite@https://registry.npmjs.org/iconv-lite/-/iconv-lite-0.4.24.tgz. Extracting by manifest.
598 silly tarball no local data for has-symbols@https://registry.npmjs.org/has-symbols/-/has-symbols-1.1.0.tgz. Extracting by manifest.
599 silly tarball no local data for hasown@https://registry.npmjs.org/hasown/-/hasown-2.0.2.tgz. Extracting by manifest.
600 silly tarball no local data for graceful-fs@https://registry.npmjs.org/graceful-fs/-/graceful-fs-4.2.11.tgz. Extracting by manifest.
601 silly tarball no local data for gopd@https://registry.npmjs.org/gopd/-/gopd-1.2.0.tgz. Extracting by manifest.
602 silly tarball no local data for get-tsconfig@https://registry.npmjs.org/get-tsconfig/-/get-tsconfig-4.8.1.tgz. Extracting by manifest.
603 silly tarball no local data for get-proto@https://registry.npmjs.org/get-proto/-/get-proto-1.0.1.tgz. Extracting by manifest.
604 silly tarball no local data for get-intrinsic@https://registry.npmjs.org/get-intrinsic/-/get-intrinsic-1.3.0.tgz. Extracting by manifest.
605 silly tarball no local data for get-nonce@https://registry.npmjs.org/get-nonce/-/get-nonce-1.0.1.tgz. Extracting by manifest.
606 silly tarball no local data for gensync@https://registry.npmjs.org/gensync/-/gensync-1.0.0-beta.2.tgz. Extracting by manifest.
607 silly tarball no local data for function-bind@https://registry.npmjs.org/function-bind/-/function-bind-1.1.2.tgz. Extracting by manifest.
608 silly tarball no local data for fresh@https://registry.npmjs.org/fresh/-/fresh-0.5.2.tgz. Extracting by manifest.
609 silly tarball no local data for fsevents@https://registry.npmjs.org/fsevents/-/fsevents-2.3.3.tgz. Extracting by manifest.
610 silly tarball no local data for fraction.js@https://registry.npmjs.org/fraction.js/-/fraction.js-4.3.7.tgz. Extracting by manifest.
611 silly tarball no local data for framer-motion@https://registry.npmjs.org/framer-motion/-/framer-motion-12.23.24.tgz. Extracting by manifest.
612 silly tarball no local data for forwarded@https://registry.npmjs.org/forwarded/-/forwarded-0.2.0.tgz. Extracting by manifest.
613 silly tarball no local data for finalhandler@https://registry.npmjs.org/finalhandler/-/finalhandler-1.3.1.tgz. Extracting by manifest.
614 silly tarball no local data for fdir@https://registry.npmjs.org/fdir/-/fdir-6.5.0.tgz. Extracting by manifest.
615 silly tarball no local data for fast-equals@https://registry.npmjs.org/fast-equals/-/fast-equals-5.3.2.tgz. Extracting by manifest.
616 silly tarball no local data for express-session@https://registry.npmjs.org/express-session/-/express-session-1.18.2.tgz. Extracting by manifest.
617 silly tarball no local data for express@https://registry.npmjs.org/express/-/express-4.22.1.tgz. Extracting by manifest.
618 silly tarball no local data for etag@https://registry.npmjs.org/etag/-/etag-1.8.1.tgz. Extracting by manifest.
619 silly tarball no local data for escape-html@https://registry.npmjs.org/escape-html/-/escape-html-1.0.3.tgz. Extracting by manifest.
620 silly tarball no local data for escalade@https://registry.npmjs.org/escalade/-/escalade-3.2.0.tgz. Extracting by manifest.
621 silly tarball no local data for eventemitter3@https://registry.npmjs.org/eventemitter3/-/eventemitter3-4.0.7.tgz. Extracting by manifest.
622 silly tarball no local data for esbuild-register@https://registry.npmjs.org/esbuild-register/-/esbuild-register-3.6.0.tgz. Extracting by manifest.
623 silly tarball no local data for es-errors@https://registry.npmjs.org/es-errors/-/es-errors-1.3.0.tgz. Extracting by manifest.
624 silly tarball no local data for es-object-atoms@https://registry.npmjs.org/es-object-atoms/-/es-object-atoms-1.1.1.tgz. Extracting by manifest.
625 silly tarball no local data for esbuild@https://registry.npmjs.org/esbuild/-/esbuild-0.25.9.tgz. Extracting by manifest.
626 silly tarball no local data for enhanced-resolve@https://registry.npmjs.org/enhanced-resolve/-/enhanced-resolve-5.18.3.tgz. Extracting by manifest.
627 silly tarball no local data for embla-carousel-reactive-utils@https://registry.npmjs.org/embla-carousel-reactive-utils/-/embla-carousel-reactive-utils-8.6.0.tgz. Extracting by manifest.
628 silly tarball no local data for encodeurl@https://registry.npmjs.org/encodeurl/-/encodeurl-2.0.0.tgz. Extracting by manifest.
629 silly tarball no local data for es-define-property@https://registry.npmjs.org/es-define-property/-/es-define-property-1.0.1.tgz. Extracting by manifest.
630 silly tarball no local data for embla-carousel-react@https://registry.npmjs.org/embla-carousel-react/-/embla-carousel-react-8.6.0.tgz. Extracting by manifest.
631 silly tarball no local data for embla-carousel@https://registry.npmjs.org/embla-carousel/-/embla-carousel-8.6.0.tgz. Extracting by manifest.
632 silly tarball no local data for electron-to-chromium@https://registry.npmjs.org/electron-to-chromium/-/electron-to-chromium-1.5.243.tgz. Extracting by manifest.
633 silly tarball no local data for ee-first@https://registry.npmjs.org/ee-first/-/ee-first-1.1.1.tgz. Extracting by manifest.
634 silly tarball no local data for drizzle-zod@https://registry.npmjs.org/drizzle-zod/-/drizzle-zod-0.7.0.tgz. Extracting by manifest.
635 silly tarball no local data for dunder-proto@https://registry.npmjs.org/dunder-proto/-/dunder-proto-1.0.1.tgz. Extracting by manifest.
636 silly tarball no local data for drizzle-orm@https://registry.npmjs.org/drizzle-orm/-/drizzle-orm-0.39.3.tgz. Extracting by manifest.
637 silly tarball no local data for drizzle-kit@https://registry.npmjs.org/drizzle-kit/-/drizzle-kit-0.31.4.tgz. Extracting by manifest.
638 silly tarball no local data for dom-helpers@https://registry.npmjs.org/dom-helpers/-/dom-helpers-5.2.1.tgz. Extracting by manifest.
639 silly tarball no local data for detect-libc@https://registry.npmjs.org/detect-libc/-/detect-libc-2.0.3.tgz. Extracting by manifest.
640 silly tarball no local data for detect-node-es@https://registry.npmjs.org/detect-node-es/-/detect-node-es-1.1.0.tgz. Extracting by manifest.
641 silly tarball no local data for destroy@https://registry.npmjs.org/destroy/-/destroy-1.2.0.tgz. Extracting by manifest.
642 silly tarball no local data for depd@https://registry.npmjs.org/depd/-/depd-2.0.0.tgz. Extracting by manifest.
643 silly tarball no local data for debug@https://registry.npmjs.org/debug/-/debug-4.3.7.tgz. Extracting by manifest.
644 silly tarball no local data for decimal.js-light@https://registry.npmjs.org/decimal.js-light/-/decimal.js-light-2.5.1.tgz. Extracting by manifest.
645 silly tarball no local data for date-fns@https://registry.npmjs.org/date-fns/-/date-fns-3.6.0.tgz. Extracting by manifest.
646 silly tarball no local data for date-fns-jalali@https://registry.npmjs.org/date-fns-jalali/-/date-fns-jalali-4.1.0-0.tgz. Extracting by manifest.
647 silly tarball no local data for d3-timer@https://registry.npmjs.org/d3-timer/-/d3-timer-3.0.1.tgz. Extracting by manifest.
648 silly tarball no local data for d3-time-format@https://registry.npmjs.org/d3-time-format/-/d3-time-format-4.1.0.tgz. Extracting by manifest.
649 silly tarball no local data for d3-shape@https://registry.npmjs.org/d3-shape/-/d3-shape-3.2.0.tgz. Extracting by manifest.
650 silly tarball no local data for d3-time@https://registry.npmjs.org/d3-time/-/d3-time-3.1.0.tgz. Extracting by manifest.
651 silly tarball no local data for d3-path@https://registry.npmjs.org/d3-path/-/d3-path-3.1.0.tgz. Extracting by manifest.
652 silly tarball no local data for d3-scale@https://registry.npmjs.org/d3-scale/-/d3-scale-4.0.2.tgz. Extracting by manifest.
653 silly tarball no local data for d3-interpolate@https://registry.npmjs.org/d3-interpolate/-/d3-interpolate-3.0.1.tgz. Extracting by manifest.
654 silly tarball no local data for d3-format@https://registry.npmjs.org/d3-format/-/d3-format-3.1.0.tgz. Extracting by manifest.
655 silly tarball no local data for d3-ease@https://registry.npmjs.org/d3-ease/-/d3-ease-3.0.1.tgz. Extracting by manifest.
656 silly tarball no local data for d3-color@https://registry.npmjs.org/d3-color/-/d3-color-3.1.0.tgz. Extracting by manifest.
657 silly tarball no local data for d3-array@https://registry.npmjs.org/d3-array/-/d3-array-3.2.4.tgz. Extracting by manifest.
658 silly tarball no local data for csstype@https://registry.npmjs.org/csstype/-/csstype-3.1.3.tgz. Extracting by manifest.
659 silly tarball no local data for cookie-signature@https://registry.npmjs.org/cookie-signature/-/cookie-signature-1.0.6.tgz. Extracting by manifest.
660 silly tarball no local data for cookie@https://registry.npmjs.org/cookie/-/cookie-0.7.1.tgz. Extracting by manifest.
661 silly tarball no local data for convert-source-map@https://registry.npmjs.org/convert-source-map/-/convert-source-map-2.0.0.tgz. Extracting by manifest.
662 silly tarball no local data for content-type@https://registry.npmjs.org/content-type/-/content-type-1.0.5.tgz. Extracting by manifest.
663 silly tarball no local data for connect-pg-simple@https://registry.npmjs.org/connect-pg-simple/-/connect-pg-simple-10.0.0.tgz. Extracting by manifest.
664 silly tarball no local data for content-disposition@https://registry.npmjs.org/content-disposition/-/content-disposition-0.5.4.tgz. Extracting by manifest.
665 silly tarball no local data for clsx@https://registry.npmjs.org/clsx/-/clsx-2.1.1.tgz. Extracting by manifest.
666 silly tarball no local data for cmdk@https://registry.npmjs.org/cmdk/-/cmdk-1.1.1.tgz. Extracting by manifest.
667 silly tarball no local data for class-variance-authority@https://registry.npmjs.org/class-variance-authority/-/class-variance-authority-0.7.1.tgz. Extracting by manifest.
668 silly tarball no local data for caniuse-lite@https://registry.npmjs.org/caniuse-lite/-/caniuse-lite-1.0.30001753.tgz. Extracting by manifest.
669 silly tarball no local data for call-bound@https://registry.npmjs.org/call-bound/-/call-bound-1.0.4.tgz. Extracting by manifest.
670 silly tarball no local data for call-bind-apply-helpers@https://registry.npmjs.org/call-bind-apply-helpers/-/call-bind-apply-helpers-1.0.2.tgz. Extracting by manifest.
671 silly tarball no local data for bytes@https://registry.npmjs.org/bytes/-/bytes-3.1.2.tgz. Extracting by manifest.
672 silly tarball no local data for buffer-from@https://registry.npmjs.org/buffer-from/-/buffer-from-1.1.2.tgz. Extracting by manifest.
673 silly tarball no local data for browserslist@https://registry.npmjs.org/browserslist/-/browserslist-4.27.0.tgz. Extracting by manifest.
674 silly tarball no local data for body-parser@https://registry.npmjs.org/body-parser/-/body-parser-1.20.4.tgz. Extracting by manifest.
675 silly tarball no local data for baseline-browser-mapping@https://registry.npmjs.org/baseline-browser-mapping/-/baseline-browser-mapping-2.8.21.tgz. Extracting by manifest.
676 silly tarball no local data for autoprefixer@https://registry.npmjs.org/autoprefixer/-/autoprefixer-10.4.21.tgz. Extracting by manifest.
677 silly tarball no local data for array-flatten@https://registry.npmjs.org/array-flatten/-/array-flatten-1.1.1.tgz. Extracting by manifest.
678 silly tarball no local data for aria-hidden@https://registry.npmjs.org/aria-hidden/-/aria-hidden-1.2.4.tgz. Extracting by manifest.
679 silly tarball no local data for accepts@https://registry.npmjs.org/accepts/-/accepts-1.3.8.tgz. Extracting by manifest.
680 silly tarball no local data for @types/ws@https://registry.npmjs.org/@types/ws/-/ws-8.5.13.tgz. Extracting by manifest.
681 silly tarball no local data for @vitejs/plugin-react@https://registry.npmjs.org/@vitejs/plugin-react/-/plugin-react-5.1.0.tgz. Extracting by manifest.
682 silly tarball no local data for @types/serve-static@https://registry.npmjs.org/@types/serve-static/-/serve-static-1.15.7.tgz. Extracting by manifest.
683 silly tarball no local data for @types/send@https://registry.npmjs.org/@types/send/-/send-0.17.4.tgz. Extracting by manifest.
684 silly tarball no local data for @types/react-dom@https://registry.npmjs.org/@types/react-dom/-/react-dom-19.2.2.tgz. Extracting by manifest.
685 silly tarball no local data for @types/range-parser@https://registry.npmjs.org/@types/range-parser/-/range-parser-1.2.7.tgz. Extracting by manifest.
686 silly tarball no local data for @types/qs@https://registry.npmjs.org/@types/qs/-/qs-6.9.16.tgz. Extracting by manifest.
687 silly tarball no local data for @types/pg@https://registry.npmjs.org/@types/pg/-/pg-8.11.6.tgz. Extracting by manifest.
688 silly tarball no local data for @types/passport-strategy@https://registry.npmjs.org/@types/passport-strategy/-/passport-strategy-0.2.38.tgz. Extracting by manifest.
689 silly tarball no local data for @types/passport@https://registry.npmjs.org/@types/passport/-/passport-1.0.17.tgz. Extracting by manifest.
690 silly tarball no local data for @types/react@https://registry.npmjs.org/@types/react/-/react-19.2.2.tgz. Extracting by manifest.
691 silly tarball no local data for @types/node@https://registry.npmjs.org/@types/node/-/node-20.19.24.tgz. Extracting by manifest.
692 silly tarball no local data for @types/mime@https://registry.npmjs.org/@types/mime/-/mime-1.3.5.tgz. Extracting by manifest.
693 silly tarball no local data for @types/http-errors@https://registry.npmjs.org/@types/http-errors/-/http-errors-2.0.4.tgz. Extracting by manifest.
694 silly tarball no local data for @types/express-session@https://registry.npmjs.org/@types/express-session/-/express-session-1.18.0.tgz. Extracting by manifest.
695 silly tarball no local data for @types/express-serve-static-core@https://registry.npmjs.org/@types/express-serve-static-core/-/express-serve-static-core-4.19.6.tgz. Extracting by manifest.
696 silly tarball no local data for @types/express@https://registry.npmjs.org/@types/express/-/express-4.17.21.tgz. Extracting by manifest.
697 silly tarball no local data for @types/d3-timer@https://registry.npmjs.org/@types/d3-timer/-/d3-timer-3.0.2.tgz. Extracting by manifest.
698 silly tarball no local data for @types/estree@https://registry.npmjs.org/@types/estree/-/estree-1.0.8.tgz. Extracting by manifest.
699 silly tarball no local data for @types/d3-scale@https://registry.npmjs.org/@types/d3-scale/-/d3-scale-4.0.8.tgz. Extracting by manifest.
700 silly tarball no local data for @types/d3-shape@https://registry.npmjs.org/@types/d3-shape/-/d3-shape-3.1.6.tgz. Extracting by manifest.
701 silly tarball no local data for @types/d3-time@https://registry.npmjs.org/@types/d3-time/-/d3-time-3.0.3.tgz. Extracting by manifest.
702 silly tarball no local data for @types/d3-path@https://registry.npmjs.org/@types/d3-path/-/d3-path-3.1.0.tgz. Extracting by manifest.
703 silly tarball no local data for @types/d3-interpolate@https://registry.npmjs.org/@types/d3-interpolate/-/d3-interpolate-3.0.4.tgz. Extracting by manifest.
704 silly tarball no local data for @types/passport-local@https://registry.npmjs.org/@types/passport-local/-/passport-local-1.0.38.tgz. Extracting by manifest.
705 silly tarball no local data for @types/d3-color@https://registry.npmjs.org/@types/d3-color/-/d3-color-3.1.3.tgz. Extracting by manifest.
706 silly tarball no local data for @types/connect-pg-simple@https://registry.npmjs.org/@types/connect-pg-simple/-/connect-pg-simple-7.0.3.tgz. Extracting by manifest.
707 silly tarball no local data for @types/d3-array@https://registry.npmjs.org/@types/d3-array/-/d3-array-3.2.1.tgz. Extracting by manifest.
708 silly tarball no local data for @types/connect@https://registry.npmjs.org/@types/connect/-/connect-3.4.38.tgz. Extracting by manifest.
709 silly tarball no local data for @types/body-parser@https://registry.npmjs.org/@types/body-parser/-/body-parser-1.19.5.tgz. Extracting by manifest.
710 silly tarball no local data for @types/babel__traverse@https://registry.npmjs.org/@types/babel__traverse/-/babel__traverse-7.20.6.tgz. Extracting by manifest.
711 silly tarball no local data for @types/babel__template@https://registry.npmjs.org/@types/babel__template/-/babel__template-7.4.4.tgz. Extracting by manifest.
712 silly tarball no local data for @types/babel__generator@https://registry.npmjs.org/@types/babel__generator/-/babel__generator-7.6.8.tgz. Extracting by manifest.
713 silly tarball no local data for @types/d3-ease@https://registry.npmjs.org/@types/d3-ease/-/d3-ease-3.0.2.tgz. Extracting by manifest.
714 silly tarball no local data for @types/babel__core@https://registry.npmjs.org/@types/babel__core/-/babel__core-7.20.5.tgz. Extracting by manifest.
715 silly tarball no local data for @tanstack/react-query@https://registry.npmjs.org/@tanstack/react-query/-/react-query-5.60.5.tgz. Extracting by manifest.
716 silly tarball no local data for @tanstack/query-core@https://registry.npmjs.org/@tanstack/query-core/-/query-core-5.60.5.tgz. Extracting by manifest.
717 silly tarball no local data for @tailwindcss/vite@https://registry.npmjs.org/@tailwindcss/vite/-/vite-4.1.16.tgz. Extracting by manifest.
718 http fetch GET 200 https://registry.npmjs.org/npm 3269ms
719 silly tarball no local data for @tailwindcss/oxide-darwin-x64@https://registry.npmjs.org/@tailwindcss/oxide-darwin-x64/-/oxide-darwin-x64-4.1.16.tgz. Extracting by manifest.
720 silly tarball no local data for @tailwindcss/oxide@https://registry.npmjs.org/@tailwindcss/oxide/-/oxide-4.1.16.tgz. Extracting by manifest.
721 silly tarball no local data for @tailwindcss/node@https://registry.npmjs.org/@tailwindcss/node/-/node-4.1.16.tgz. Extracting by manifest.
722 silly tarball no local data for @rollup/rollup-darwin-x64@https://registry.npmjs.org/@rollup/rollup-darwin-x64/-/rollup-darwin-x64-4.52.5.tgz. Extracting by manifest.
723 silly tarball no local data for @rolldown/pluginutils@https://registry.npmjs.org/@rolldown/pluginutils/-/pluginutils-1.0.0-beta.43.tgz. Extracting by manifest.
724 silly tarball no local data for @replit/vite-plugin-runtime-error-modal@https://registry.npmjs.org/@replit/vite-plugin-runtime-error-modal/-/vite-plugin-runtime-error-modal-0.0.4.tgz. Extracting by manifest.
725 silly tarball no local data for @replit/vite-plugin-dev-banner@https://registry.npmjs.org/@replit/vite-plugin-dev-banner/-/vite-plugin-dev-banner-0.1.1.tgz. Extracting by manifest.
726 silly tarball no local data for @replit/vite-plugin-cartographer@https://registry.npmjs.org/@replit/vite-plugin-cartographer/-/vite-plugin-cartographer-0.4.4.tgz. Extracting by manifest.
727 silly tarball no local data for @radix-ui/rect@https://registry.npmjs.org/@radix-ui/rect/-/rect-1.1.1.tgz. Extracting by manifest.
728 silly tarball no local data for @radix-ui/react-visually-hidden@https://registry.npmjs.org/@radix-ui/react-visually-hidden/-/react-visually-hidden-1.2.3.tgz. Extracting by manifest.
729 silly tarball no local data for @radix-ui/react-use-size@https://registry.npmjs.org/@radix-ui/react-use-size/-/react-use-size-1.1.1.tgz. Extracting by manifest.
730 silly tarball no local data for @radix-ui/react-use-rect@https://registry.npmjs.org/@radix-ui/react-use-rect/-/react-use-rect-1.1.1.tgz. Extracting by manifest.
731 silly tarball no local data for @radix-ui/react-use-previous@https://registry.npmjs.org/@radix-ui/react-use-previous/-/react-use-previous-1.1.1.tgz. Extracting by manifest.
732 silly tarball no local data for @radix-ui/react-use-layout-effect@https://registry.npmjs.org/@radix-ui/react-use-layout-effect/-/react-use-layout-effect-1.1.1.tgz. Extracting by manifest.
733 silly tarball no local data for @radix-ui/react-use-is-hydrated@https://registry.npmjs.org/@radix-ui/react-use-is-hydrated/-/react-use-is-hydrated-0.1.0.tgz. Extracting by manifest.
734 silly tarball no local data for @radix-ui/react-use-escape-keydown@https://registry.npmjs.org/@radix-ui/react-use-escape-keydown/-/react-use-escape-keydown-1.1.1.tgz. Extracting by manifest.
735 silly tarball no local data for @radix-ui/react-use-effect-event@https://registry.npmjs.org/@radix-ui/react-use-effect-event/-/react-use-effect-event-0.0.2.tgz. Extracting by manifest.
736 silly tarball no local data for @radix-ui/react-use-controllable-state@https://registry.npmjs.org/@radix-ui/react-use-controllable-state/-/react-use-controllable-state-1.1.1.tgz. Extracting by manifest.
737 silly tarball no local data for @radix-ui/react-use-callback-ref@https://registry.npmjs.org/@radix-ui/react-use-callback-ref/-/react-use-callback-ref-1.1.1.tgz. Extracting by manifest.
738 silly tarball no local data for @radix-ui/react-tooltip@https://registry.npmjs.org/@radix-ui/react-tooltip/-/react-tooltip-1.2.8.tgz. Extracting by manifest.
739 silly tarball no local data for @radix-ui/react-toggle-group@https://registry.npmjs.org/@radix-ui/react-toggle-group/-/react-toggle-group-1.1.11.tgz. Extracting by manifest.
740 silly tarball no local data for @radix-ui/react-toggle@https://registry.npmjs.org/@radix-ui/react-toggle/-/react-toggle-1.1.10.tgz. Extracting by manifest.
741 silly tarball no local data for @radix-ui/react-toast@https://registry.npmjs.org/@radix-ui/react-toast/-/react-toast-1.2.7.tgz. Extracting by manifest.
742 silly tarball no local data for @radix-ui/react-tabs@https://registry.npmjs.org/@radix-ui/react-tabs/-/react-tabs-1.1.13.tgz. Extracting by manifest.
743 silly tarball no local data for @radix-ui/react-switch@https://registry.npmjs.org/@radix-ui/react-switch/-/react-switch-1.2.6.tgz. Extracting by manifest.
744 silly tarball no local data for @radix-ui/react-slot@https://registry.npmjs.org/@radix-ui/react-slot/-/react-slot-1.2.4.tgz. Extracting by manifest.
745 silly tarball no local data for @radix-ui/react-slider@https://registry.npmjs.org/@radix-ui/react-slider/-/react-slider-1.3.6.tgz. Extracting by manifest.
746 silly tarball no local data for @radix-ui/react-separator@https://registry.npmjs.org/@radix-ui/react-separator/-/react-separator-1.1.8.tgz. Extracting by manifest.
747 silly tarball no local data for @radix-ui/react-select@https://registry.npmjs.org/@radix-ui/react-select/-/react-select-2.2.6.tgz. Extracting by manifest.
748 silly tarball no local data for @radix-ui/react-scroll-area@https://registry.npmjs.org/@radix-ui/react-scroll-area/-/react-scroll-area-1.2.10.tgz. Extracting by manifest.
749 silly tarball no local data for @radix-ui/react-roving-focus@https://registry.npmjs.org/@radix-ui/react-roving-focus/-/react-roving-focus-1.1.11.tgz. Extracting by manifest.
750 silly tarball no local data for @radix-ui/react-radio-group@https://registry.npmjs.org/@radix-ui/react-radio-group/-/react-radio-group-1.3.8.tgz. Extracting by manifest.
751 silly tarball no local data for @radix-ui/react-progress@https://registry.npmjs.org/@radix-ui/react-progress/-/react-progress-1.1.8.tgz. Extracting by manifest.
752 silly tarball no local data for @radix-ui/react-presence@https://registry.npmjs.org/@radix-ui/react-presence/-/react-presence-1.1.5.tgz. Extracting by manifest.
753 silly tarball no local data for @radix-ui/react-primitive@https://registry.npmjs.org/@radix-ui/react-primitive/-/react-primitive-2.1.3.tgz. Extracting by manifest.
754 silly tarball no local data for @radix-ui/react-portal@https://registry.npmjs.org/@radix-ui/react-portal/-/react-portal-1.1.9.tgz. Extracting by manifest.
755 silly tarball no local data for @radix-ui/react-popper@https://registry.npmjs.org/@radix-ui/react-popper/-/react-popper-1.2.8.tgz. Extracting by manifest.
756 silly tarball no local data for @radix-ui/react-navigation-menu@https://registry.npmjs.org/@radix-ui/react-navigation-menu/-/react-navigation-menu-1.2.14.tgz. Extracting by manifest.
757 silly tarball no local data for @radix-ui/react-popover@https://registry.npmjs.org/@radix-ui/react-popover/-/react-popover-1.1.15.tgz. Extracting by manifest.
758 silly tarball no local data for @radix-ui/react-menubar@https://registry.npmjs.org/@radix-ui/react-menubar/-/react-menubar-1.1.16.tgz. Extracting by manifest.
759 silly tarball no local data for @radix-ui/react-menu@https://registry.npmjs.org/@radix-ui/react-menu/-/react-menu-2.1.16.tgz. Extracting by manifest.
760 silly tarball no local data for @radix-ui/react-label@https://registry.npmjs.org/@radix-ui/react-label/-/react-label-2.1.8.tgz. Extracting by manifest.
761 silly tarball no local data for @radix-ui/react-id@https://registry.npmjs.org/@radix-ui/react-id/-/react-id-1.1.1.tgz. Extracting by manifest.
762 silly tarball no local data for @radix-ui/react-hover-card@https://registry.npmjs.org/@radix-ui/react-hover-card/-/react-hover-card-1.1.15.tgz. Extracting by manifest.
763 silly tarball no local data for @radix-ui/react-focus-scope@https://registry.npmjs.org/@radix-ui/react-focus-scope/-/react-focus-scope-1.1.7.tgz. Extracting by manifest.
764 silly tarball no local data for @radix-ui/react-focus-guards@https://registry.npmjs.org/@radix-ui/react-focus-guards/-/react-focus-guards-1.1.3.tgz. Extracting by manifest.
765 silly tarball no local data for @radix-ui/react-dropdown-menu@https://registry.npmjs.org/@radix-ui/react-dropdown-menu/-/react-dropdown-menu-2.1.16.tgz. Extracting by manifest.
766 silly tarball no local data for @radix-ui/react-dismissable-layer@https://registry.npmjs.org/@radix-ui/react-dismissable-layer/-/react-dismissable-layer-1.1.11.tgz. Extracting by manifest.
767 silly tarball no local data for @radix-ui/react-direction@https://registry.npmjs.org/@radix-ui/react-direction/-/react-direction-1.1.1.tgz. Extracting by manifest.
768 silly tarball no local data for @radix-ui/react-dialog@https://registry.npmjs.org/@radix-ui/react-dialog/-/react-dialog-1.1.15.tgz. Extracting by manifest.
769 silly tarball no local data for @radix-ui/react-context-menu@https://registry.npmjs.org/@radix-ui/react-context-menu/-/react-context-menu-2.2.16.tgz. Extracting by manifest.
770 silly tarball no local data for @radix-ui/react-context@https://registry.npmjs.org/@radix-ui/react-context/-/react-context-1.1.2.tgz. Extracting by manifest.
771 silly tarball no local data for @radix-ui/react-compose-refs@https://registry.npmjs.org/@radix-ui/react-compose-refs/-/react-compose-refs-1.1.2.tgz. Extracting by manifest.
772 silly tarball no local data for @radix-ui/react-collection@https://registry.npmjs.org/@radix-ui/react-collection/-/react-collection-1.1.7.tgz. Extracting by manifest.
773 silly tarball no local data for @radix-ui/react-collapsible@https://registry.npmjs.org/@radix-ui/react-collapsible/-/react-collapsible-1.1.12.tgz. Extracting by manifest.
774 silly tarball no local data for @radix-ui/react-checkbox@https://registry.npmjs.org/@radix-ui/react-checkbox/-/react-checkbox-1.3.3.tgz. Extracting by manifest.
775 silly tarball no local data for @radix-ui/react-avatar@https://registry.npmjs.org/@radix-ui/react-avatar/-/react-avatar-1.1.11.tgz. Extracting by manifest.
776 silly tarball no local data for @radix-ui/react-aspect-ratio@https://registry.npmjs.org/@radix-ui/react-aspect-ratio/-/react-aspect-ratio-1.1.8.tgz. Extracting by manifest.
777 silly tarball no local data for @radix-ui/react-arrow@https://registry.npmjs.org/@radix-ui/react-arrow/-/react-arrow-1.1.7.tgz. Extracting by manifest.
778 silly tarball no local data for @radix-ui/react-alert-dialog@https://registry.npmjs.org/@radix-ui/react-alert-dialog/-/react-alert-dialog-1.1.15.tgz. Extracting by manifest.
779 silly tarball no local data for @radix-ui/react-accordion@https://registry.npmjs.org/@radix-ui/react-accordion/-/react-accordion-1.2.12.tgz. Extracting by manifest.
780 silly tarball no local data for @radix-ui/primitive@https://registry.npmjs.org/@radix-ui/primitive/-/primitive-1.1.2.tgz. Extracting by manifest.
781 silly tarball no local data for @radix-ui/number@https://registry.npmjs.org/@radix-ui/number/-/number-1.1.1.tgz. Extracting by manifest.
782 silly tarball no local data for @jridgewell/trace-mapping@https://registry.npmjs.org/@jridgewell/trace-mapping/-/trace-mapping-0.3.31.tgz. Extracting by manifest.
783 silly tarball no local data for @jridgewell/sourcemap-codec@https://registry.npmjs.org/@jridgewell/sourcemap-codec/-/sourcemap-codec-1.5.5.tgz. Extracting by manifest.
784 silly tarball no local data for @jridgewell/resolve-uri@https://registry.npmjs.org/@jridgewell/resolve-uri/-/resolve-uri-3.1.2.tgz. Extracting by manifest.
785 silly tarball no local data for @jridgewell/remapping@https://registry.npmjs.org/@jridgewell/remapping/-/remapping-2.3.5.tgz. Extracting by manifest.
786 silly tarball no local data for @jridgewell/gen-mapping@https://registry.npmjs.org/@jridgewell/gen-mapping/-/gen-mapping-0.3.13.tgz. Extracting by manifest.
787 silly tarball no local data for @hookform/resolvers@https://registry.npmjs.org/@hookform/resolvers/-/resolvers-3.10.0.tgz. Extracting by manifest.
788 silly tarball no local data for @floating-ui/utils@https://registry.npmjs.org/@floating-ui/utils/-/utils-0.2.10.tgz. Extracting by manifest.
789 silly tarball no local data for @floating-ui/react-dom@https://registry.npmjs.org/@floating-ui/react-dom/-/react-dom-2.1.6.tgz. Extracting by manifest.
790 silly tarball no local data for @floating-ui/dom@https://registry.npmjs.org/@floating-ui/dom/-/dom-1.7.4.tgz. Extracting by manifest.
791 silly tarball no local data for @floating-ui/core@https://registry.npmjs.org/@floating-ui/core/-/core-1.7.3.tgz. Extracting by manifest.
792 silly tarball no local data for @esbuild/darwin-x64@https://registry.npmjs.org/@esbuild/darwin-x64/-/darwin-x64-0.25.9.tgz. Extracting by manifest.
793 silly tarball no local data for @esbuild-kit/esm-loader@https://registry.npmjs.org/@esbuild-kit/esm-loader/-/esm-loader-2.6.5.tgz. Extracting by manifest.
794 silly tarball no local data for @esbuild-kit/core-utils@https://registry.npmjs.org/@esbuild-kit/core-utils/-/core-utils-3.3.2.tgz. Extracting by manifest.
795 silly tarball no local data for @drizzle-team/brocli@https://registry.npmjs.org/@drizzle-team/brocli/-/brocli-0.10.2.tgz. Extracting by manifest.
796 silly tarball no local data for @date-fns/tz@https://registry.npmjs.org/@date-fns/tz/-/tz-1.4.1.tgz. Extracting by manifest.
797 silly tarball no local data for @babel/types@https://registry.npmjs.org/@babel/types/-/types-7.28.4.tgz. Extracting by manifest.
798 silly tarball no local data for @babel/traverse@https://registry.npmjs.org/@babel/traverse/-/traverse-7.28.4.tgz. Extracting by manifest.
799 silly tarball no local data for @babel/template@https://registry.npmjs.org/@babel/template/-/template-7.27.2.tgz. Extracting by manifest.
800 silly tarball no local data for @babel/runtime@https://registry.npmjs.org/@babel/runtime/-/runtime-7.28.4.tgz. Extracting by manifest.
801 silly tarball no local data for @babel/plugin-transform-react-jsx-source@https://registry.npmjs.org/@babel/plugin-transform-react-jsx-source/-/plugin-transform-react-jsx-source-7.27.1.tgz. Extracting by manifest.
802 silly tarball no local data for @babel/plugin-transform-react-jsx-self@https://registry.npmjs.org/@babel/plugin-transform-react-jsx-self/-/plugin-transform-react-jsx-self-7.27.1.tgz. Extracting by manifest.
803 silly tarball no local data for @babel/parser@https://registry.npmjs.org/@babel/parser/-/parser-7.28.4.tgz. Extracting by manifest.
804 silly tarball no local data for @babel/helpers@https://registry.npmjs.org/@babel/helpers/-/helpers-7.28.4.tgz. Extracting by manifest.
805 silly tarball no local data for @babel/helper-validator-option@https://registry.npmjs.org/@babel/helper-validator-option/-/helper-validator-option-7.27.1.tgz. Extracting by manifest.
806 silly tarball no local data for @babel/helper-validator-identifier@https://registry.npmjs.org/@babel/helper-validator-identifier/-/helper-validator-identifier-7.27.1.tgz. Extracting by manifest.
807 silly tarball no local data for @babel/helper-string-parser@https://registry.npmjs.org/@babel/helper-string-parser/-/helper-string-parser-7.27.1.tgz. Extracting by manifest.
808 silly tarball no local data for @babel/helper-plugin-utils@https://registry.npmjs.org/@babel/helper-plugin-utils/-/helper-plugin-utils-7.27.1.tgz. Extracting by manifest.
809 silly tarball no local data for @babel/helper-module-transforms@https://registry.npmjs.org/@babel/helper-module-transforms/-/helper-module-transforms-7.28.3.tgz. Extracting by manifest.
810 silly tarball no local data for @babel/helper-module-imports@https://registry.npmjs.org/@babel/helper-module-imports/-/helper-module-imports-7.27.1.tgz. Extracting by manifest.
811 silly tarball no local data for @babel/helper-globals@https://registry.npmjs.org/@babel/helper-globals/-/helper-globals-7.28.0.tgz. Extracting by manifest.
812 silly tarball no local data for @babel/helper-compilation-targets@https://registry.npmjs.org/@babel/helper-compilation-targets/-/helper-compilation-targets-7.27.2.tgz. Extracting by manifest.
813 silly tarball no local data for @babel/generator@https://registry.npmjs.org/@babel/generator/-/generator-7.28.3.tgz. Extracting by manifest.
814 silly tarball no local data for @babel/core@https://registry.npmjs.org/@babel/core/-/core-7.28.4.tgz. Extracting by manifest.
815 silly tarball no local data for @babel/compat-data@https://registry.npmjs.org/@babel/compat-data/-/compat-data-7.28.4.tgz. Extracting by manifest.
816 silly tarball no local data for @babel/code-frame@https://registry.npmjs.org/@babel/code-frame/-/code-frame-7.27.1.tgz. Extracting by manifest.
817 silly tarball no local data for encodeurl@https://registry.npmjs.org/encodeurl/-/encodeurl-1.0.2.tgz. Extracting by manifest.
818 silly tarball no local data for debug@https://registry.npmjs.org/debug/-/debug-2.6.9.tgz. Extracting by manifest.
819 silly tarball no local data for ms@https://registry.npmjs.org/ms/-/ms-2.0.0.tgz. Extracting by manifest.
820 silly tarball no local data for date-fns@https://registry.npmjs.org/date-fns/-/date-fns-4.1.0.tgz. Extracting by manifest.
821 silly tarball no local data for http-errors@https://registry.npmjs.org/http-errors/-/http-errors-2.0.1.tgz. Extracting by manifest.
822 silly tarball no local data for react-is@https://registry.npmjs.org/react-is/-/react-is-16.13.1.tgz. Extracting by manifest.
823 silly tarball no local data for postgres-interval@https://registry.npmjs.org/postgres-interval/-/postgres-interval-1.2.0.tgz. Extracting by manifest.
824 silly tarball no local data for postgres-date@https://registry.npmjs.org/postgres-date/-/postgres-date-1.0.7.tgz. Extracting by manifest.
825 silly tarball no local data for postgres-array@https://registry.npmjs.org/postgres-array/-/postgres-array-2.0.0.tgz. Extracting by manifest.
826 silly tarball no local data for postgres-bytea@https://registry.npmjs.org/postgres-bytea/-/postgres-bytea-1.0.0.tgz. Extracting by manifest.
827 silly tarball no local data for pg-types@https://registry.npmjs.org/pg-types/-/pg-types-2.2.0.tgz. Extracting by manifest.
828 silly tarball no local data for yallist@https://registry.npmjs.org/yallist/-/yallist-2.1.2.tgz. Extracting by manifest.
829 silly tarball no local data for lru-cache@https://registry.npmjs.org/lru-cache/-/lru-cache-4.1.5.tgz. Extracting by manifest.
830 silly tarball no local data for ms@https://registry.npmjs.org/ms/-/ms-2.0.0.tgz. Extracting by manifest.
831 silly tarball no local data for debug@https://registry.npmjs.org/debug/-/debug-2.6.9.tgz. Extracting by manifest.
832 silly tarball no local data for ms@https://registry.npmjs.org/ms/-/ms-2.0.0.tgz. Extracting by manifest.
833 silly tarball no local data for debug@https://registry.npmjs.org/debug/-/debug-2.6.9.tgz. Extracting by manifest.
834 silly tarball no local data for cookie-signature@https://registry.npmjs.org/cookie-signature/-/cookie-signature-1.0.7.tgz. Extracting by manifest.
835 silly tarball no local data for cookie@https://registry.npmjs.org/cookie/-/cookie-0.7.2.tgz. Extracting by manifest.
836 silly tarball no local data for statuses@https://registry.npmjs.org/statuses/-/statuses-2.0.2.tgz. Extracting by manifest.
837 silly tarball no local data for ms@https://registry.npmjs.org/ms/-/ms-2.0.0.tgz. Extracting by manifest.
838 silly tarball no local data for statuses@https://registry.npmjs.org/statuses/-/statuses-2.0.2.tgz. Extracting by manifest.
839 silly tarball no local data for ms@https://registry.npmjs.org/ms/-/ms-2.0.0.tgz. Extracting by manifest.
840 silly tarball no local data for http-errors@https://registry.npmjs.org/http-errors/-/http-errors-2.0.1.tgz. Extracting by manifest.
841 silly tarball no local data for debug@https://registry.npmjs.org/debug/-/debug-2.6.9.tgz. Extracting by manifest.
842 silly tarball no local data for @radix-ui/react-use-controllable-state@https://registry.npmjs.org/@radix-ui/react-use-controllable-state/-/react-use-controllable-state-1.2.2.tgz. Extracting by manifest.
843 silly tarball no local data for @radix-ui/primitive@https://registry.npmjs.org/@radix-ui/primitive/-/primitive-1.1.3.tgz. Extracting by manifest.
844 silly tarball no local data for @radix-ui/react-use-controllable-state@https://registry.npmjs.org/@radix-ui/react-use-controllable-state/-/react-use-controllable-state-1.2.2.tgz. Extracting by manifest.
845 silly tarball no local data for @radix-ui/primitive@https://registry.npmjs.org/@radix-ui/primitive/-/primitive-1.1.3.tgz. Extracting by manifest.
846 silly tarball no local data for @radix-ui/react-use-controllable-state@https://registry.npmjs.org/@radix-ui/react-use-controllable-state/-/react-use-controllable-state-1.2.2.tgz. Extracting by manifest.
847 silly tarball no local data for debug@https://registry.npmjs.org/debug/-/debug-2.6.9.tgz. Extracting by manifest.
848 silly tarball no local data for @radix-ui/react-visually-hidden@https://registry.npmjs.org/@radix-ui/react-visually-hidden/-/react-visually-hidden-1.1.3.tgz. Extracting by manifest.
849 silly tarball no local data for @radix-ui/react-slot@https://registry.npmjs.org/@radix-ui/react-slot/-/react-slot-1.2.0.tgz. Extracting by manifest.
850 silly tarball no local data for @radix-ui/react-slot@https://registry.npmjs.org/@radix-ui/react-slot/-/react-slot-1.2.3.tgz. Extracting by manifest.
851 silly tarball no local data for @radix-ui/react-primitive@https://registry.npmjs.org/@radix-ui/react-primitive/-/react-primitive-2.0.3.tgz. Extracting by manifest.
852 silly tarball no local data for @radix-ui/react-presence@https://registry.npmjs.org/@radix-ui/react-presence/-/react-presence-1.1.3.tgz. Extracting by manifest.
853 silly tarball no local data for @radix-ui/react-portal@https://registry.npmjs.org/@radix-ui/react-portal/-/react-portal-1.1.5.tgz. Extracting by manifest.
854 silly tarball no local data for @radix-ui/react-dismissable-layer@https://registry.npmjs.org/@radix-ui/react-dismissable-layer/-/react-dismissable-layer-1.1.6.tgz. Extracting by manifest.
855 silly tarball no local data for @radix-ui/react-collection@https://registry.npmjs.org/@radix-ui/react-collection/-/react-collection-1.1.3.tgz. Extracting by manifest.
856 silly tarball no local data for @radix-ui/react-use-controllable-state@https://registry.npmjs.org/@radix-ui/react-use-controllable-state/-/react-use-controllable-state-1.2.2.tgz. Extracting by manifest.
857 silly tarball no local data for @radix-ui/primitive@https://registry.npmjs.org/@radix-ui/primitive/-/primitive-1.1.3.tgz. Extracting by manifest.
858 silly tarball no local data for @radix-ui/primitive@https://registry.npmjs.org/@radix-ui/primitive/-/primitive-1.1.3.tgz. Extracting by manifest.
859 silly tarball no local data for @radix-ui/react-use-controllable-state@https://registry.npmjs.org/@radix-ui/react-use-controllable-state/-/react-use-controllable-state-1.2.2.tgz. Extracting by manifest.
860 silly tarball no local data for @radix-ui/primitive@https://registry.npmjs.org/@radix-ui/primitive/-/primitive-1.1.3.tgz. Extracting by manifest.
861 silly tarball no local data for @radix-ui/primitive@https://registry.npmjs.org/@radix-ui/primitive/-/primitive-1.1.3.tgz. Extracting by manifest.
862 silly tarball no local data for @radix-ui/react-use-controllable-state@https://registry.npmjs.org/@radix-ui/react-use-controllable-state/-/react-use-controllable-state-1.2.2.tgz. Extracting by manifest.
863 silly tarball no local data for @radix-ui/react-primitive@https://registry.npmjs.org/@radix-ui/react-primitive/-/react-primitive-2.1.4.tgz. Extracting by manifest.
864 silly tarball no local data for @radix-ui/react-use-controllable-state@https://registry.npmjs.org/@radix-ui/react-use-controllable-state/-/react-use-controllable-state-1.2.2.tgz. Extracting by manifest.
865 silly tarball no local data for @radix-ui/react-slot@https://registry.npmjs.org/@radix-ui/react-slot/-/react-slot-1.2.3.tgz. Extracting by manifest.
866 silly tarball no local data for @radix-ui/primitive@https://registry.npmjs.org/@radix-ui/primitive/-/primitive-1.1.3.tgz. Extracting by manifest.
867 silly tarball no local data for @radix-ui/react-use-controllable-state@https://registry.npmjs.org/@radix-ui/react-use-controllable-state/-/react-use-controllable-state-1.2.2.tgz. Extracting by manifest.
868 silly tarball no local data for @radix-ui/primitive@https://registry.npmjs.org/@radix-ui/primitive/-/primitive-1.1.3.tgz. Extracting by manifest.
869 silly tarball no local data for @radix-ui/primitive@https://registry.npmjs.org/@radix-ui/primitive/-/primitive-1.1.3.tgz. Extracting by manifest.
870 silly tarball no local data for @radix-ui/primitive@https://registry.npmjs.org/@radix-ui/primitive/-/primitive-1.1.3.tgz. Extracting by manifest.
871 silly tarball no local data for @radix-ui/react-context@https://registry.npmjs.org/@radix-ui/react-context/-/react-context-1.1.3.tgz. Extracting by manifest.
872 silly tarball no local data for @radix-ui/react-primitive@https://registry.npmjs.org/@radix-ui/react-primitive/-/react-primitive-2.1.4.tgz. Extracting by manifest.
873 silly tarball no local data for @radix-ui/primitive@https://registry.npmjs.org/@radix-ui/primitive/-/primitive-1.1.3.tgz. Extracting by manifest.
874 silly tarball no local data for @radix-ui/react-use-controllable-state@https://registry.npmjs.org/@radix-ui/react-use-controllable-state/-/react-use-controllable-state-1.2.2.tgz. Extracting by manifest.
875 silly tarball no local data for @radix-ui/react-slot@https://registry.npmjs.org/@radix-ui/react-slot/-/react-slot-1.2.3.tgz. Extracting by manifest.
876 silly tarball no local data for @radix-ui/react-use-controllable-state@https://registry.npmjs.org/@radix-ui/react-use-controllable-state/-/react-use-controllable-state-1.2.2.tgz. Extracting by manifest.
877 silly tarball no local data for @radix-ui/primitive@https://registry.npmjs.org/@radix-ui/primitive/-/primitive-1.1.3.tgz. Extracting by manifest.
878 silly tarball no local data for @radix-ui/react-use-controllable-state@https://registry.npmjs.org/@radix-ui/react-use-controllable-state/-/react-use-controllable-state-1.2.2.tgz. Extracting by manifest.
879 silly tarball no local data for @radix-ui/react-use-controllable-state@https://registry.npmjs.org/@radix-ui/react-use-controllable-state/-/react-use-controllable-state-1.2.2.tgz. Extracting by manifest.
880 silly tarball no local data for @radix-ui/primitive@https://registry.npmjs.org/@radix-ui/primitive/-/primitive-1.1.3.tgz. Extracting by manifest.
881 silly tarball no local data for @radix-ui/react-slot@https://registry.npmjs.org/@radix-ui/react-slot/-/react-slot-1.2.3.tgz. Extracting by manifest.
882 silly tarball no local data for @radix-ui/primitive@https://registry.npmjs.org/@radix-ui/primitive/-/primitive-1.1.3.tgz. Extracting by manifest.
883 silly tarball no local data for @radix-ui/react-primitive@https://registry.npmjs.org/@radix-ui/react-primitive/-/react-primitive-2.1.4.tgz. Extracting by manifest.
884 silly tarball no local data for @radix-ui/primitive@https://registry.npmjs.org/@radix-ui/primitive/-/primitive-1.1.3.tgz. Extracting by manifest.
885 silly tarball no local data for @radix-ui/react-use-controllable-state@https://registry.npmjs.org/@radix-ui/react-use-controllable-state/-/react-use-controllable-state-1.2.2.tgz. Extracting by manifest.
886 silly tarball no local data for @radix-ui/primitive@https://registry.npmjs.org/@radix-ui/primitive/-/primitive-1.1.3.tgz. Extracting by manifest.
887 silly tarball no local data for @radix-ui/react-use-controllable-state@https://registry.npmjs.org/@radix-ui/react-use-controllable-state/-/react-use-controllable-state-1.2.2.tgz. Extracting by manifest.
888 silly tarball no local data for @radix-ui/primitive@https://registry.npmjs.org/@radix-ui/primitive/-/primitive-1.1.3.tgz. Extracting by manifest.
889 silly tarball no local data for @radix-ui/react-slot@https://registry.npmjs.org/@radix-ui/react-slot/-/react-slot-1.2.3.tgz. Extracting by manifest.
890 silly tarball no local data for @radix-ui/react-use-controllable-state@https://registry.npmjs.org/@radix-ui/react-use-controllable-state/-/react-use-controllable-state-1.2.2.tgz. Extracting by manifest.
891 silly tarball no local data for @radix-ui/primitive@https://registry.npmjs.org/@radix-ui/primitive/-/primitive-1.1.3.tgz. Extracting by manifest.
892 silly tarball no local data for @radix-ui/react-slot@https://registry.npmjs.org/@radix-ui/react-slot/-/react-slot-1.2.3.tgz. Extracting by manifest.
893 silly tarball no local data for @radix-ui/react-slot@https://registry.npmjs.org/@radix-ui/react-slot/-/react-slot-1.2.3.tgz. Extracting by manifest.
894 silly tarball no local data for @radix-ui/react-use-controllable-state@https://registry.npmjs.org/@radix-ui/react-use-controllable-state/-/react-use-controllable-state-1.2.2.tgz. Extracting by manifest.
895 silly tarball no local data for @radix-ui/primitive@https://registry.npmjs.org/@radix-ui/primitive/-/primitive-1.1.3.tgz. Extracting by manifest.
896 silly tarball no local data for @radix-ui/primitive@https://registry.npmjs.org/@radix-ui/primitive/-/primitive-1.1.3.tgz. Extracting by manifest.
897 silly tarball no local data for @radix-ui/react-use-controllable-state@https://registry.npmjs.org/@radix-ui/react-use-controllable-state/-/react-use-controllable-state-1.2.2.tgz. Extracting by manifest.
898 silly tarball no local data for @radix-ui/react-primitive@https://registry.npmjs.org/@radix-ui/react-primitive/-/react-primitive-2.1.4.tgz. Extracting by manifest.
899 silly tarball no local data for @radix-ui/react-context@https://registry.npmjs.org/@radix-ui/react-context/-/react-context-1.1.3.tgz. Extracting by manifest.
900 silly tarball no local data for @radix-ui/react-slot@https://registry.npmjs.org/@radix-ui/react-slot/-/react-slot-1.2.3.tgz. Extracting by manifest.
901 silly tarball no local data for @radix-ui/react-primitive@https://registry.npmjs.org/@radix-ui/react-primitive/-/react-primitive-2.1.4.tgz. Extracting by manifest.
902 silly tarball no local data for @radix-ui/primitive@https://registry.npmjs.org/@radix-ui/primitive/-/primitive-1.1.3.tgz. Extracting by manifest.
903 silly tarball no local data for @radix-ui/react-use-controllable-state@https://registry.npmjs.org/@radix-ui/react-use-controllable-state/-/react-use-controllable-state-1.2.2.tgz. Extracting by manifest.
904 silly tarball no local data for @radix-ui/primitive@https://registry.npmjs.org/@radix-ui/primitive/-/primitive-1.1.3.tgz. Extracting by manifest.
905 silly tarball no local data for esbuild@https://registry.npmjs.org/esbuild/-/esbuild-0.18.20.tgz. Extracting by manifest.
906 silly tarball no local data for @esbuild/darwin-x64@https://registry.npmjs.org/@esbuild/darwin-x64/-/darwin-x64-0.18.20.tgz. Extracting by manifest.
907 silly tarball no local data for @radix-ui/primitive@https://registry.npmjs.org/@radix-ui/primitive/-/primitive-1.1.3.tgz. Extracting by manifest.
908 silly tarball no local data for @radix-ui/react-use-controllable-state@https://registry.npmjs.org/@radix-ui/react-use-controllable-state/-/react-use-controllable-state-1.2.2.tgz. Extracting by manifest.
909 http fetch GET 200 https://registry.npmjs.org/zod-validation-error/-/zod-validation-error-3.4.0.tgz 1694ms (cache miss)
910 http fetch GET 200 https://registry.npmjs.org/update-browserslist-db/-/update-browserslist-db-1.1.4.tgz 1806ms (cache miss)
911 http fetch GET 200 https://registry.npmjs.org/unpipe/-/unpipe-1.0.0.tgz 2071ms (cache miss)
912 http fetch POST 200 https://registry.npmjs.org/-/npm/v1/security/advisories/bulk 3926ms
913 silly audit report {
913 silly audit report   esbuild: [
913 silly audit report     {
913 silly audit report       id: 1102341,
913 silly audit report       url: 'https://github.com/advisories/GHSA-67mh-4wv8-2f99',
913 silly audit report       title: 'esbuild enables any website to send any requests to the development server and read the response',
913 silly audit report       severity: 'moderate',
913 silly audit report       vulnerable_versions: '<=0.24.2',
913 silly audit report       cwe: [Array],
913 silly audit report       cvss: [Object]
913 silly audit report     }
913 silly audit report   ],
913 silly audit report   lodash: [
913 silly audit report     {
913 silly audit report       id: 1112455,
913 silly audit report       url: 'https://github.com/advisories/GHSA-xxjr-mmjv-4gpg',
913 silly audit report       title: 'Lodash has Prototype Pollution Vulnerability in `_.unset` and `_.omit` functions',
913 silly audit report       severity: 'moderate',
913 silly audit report       vulnerable_versions: '>=4.0.0 <=4.17.22',
913 silly audit report       cwe: [Array],
913 silly audit report       cvss: [Object]
913 silly audit report     }
913 silly audit report   ]
913 silly audit report }
914 silly packumentCache corgi:https://registry.npmjs.org/esbuild cache-miss
915 silly packumentCache corgi:https://registry.npmjs.org/lodash cache-miss
916 http fetch GET 200 https://registry.npmjs.org/uid-safe/-/uid-safe-2.1.5.tgz 3195ms (cache miss)
917 http fetch GET 200 https://registry.npmjs.org/utils-merge/-/utils-merge-1.0.1.tgz 3208ms (cache miss)
918 http fetch GET 200 https://registry.npmjs.org/vary/-/vary-1.1.2.tgz 3282ms (cache miss)
919 http fetch GET 200 https://registry.npmjs.org/xtend/-/xtend-4.0.2.tgz 3310ms (cache miss)
920 http fetch GET 200 https://registry.npmjs.org/yallist/-/yallist-3.1.1.tgz 3344ms (cache miss)
921 http fetch GET 200 https://registry.npmjs.org/toidentifier/-/toidentifier-1.0.1.tgz 3233ms (cache miss)
922 http fetch GET 200 https://registry.npmjs.org/setprototypeof/-/setprototypeof-1.2.0.tgz 3250ms (cache miss)
923 http fetch GET 200 https://registry.npmjs.org/type-is/-/type-is-1.6.18.tgz 3300ms (cache miss)
924 http fetch GET 200 https://registry.npmjs.org/side-channel-weakmap/-/side-channel-weakmap-1.0.2.tgz 3298ms (cache miss)
925 http fetch GET 200 https://registry.npmjs.org/serve-static/-/serve-static-1.16.2.tgz 3300ms (cache miss)
926 http fetch GET 200 https://registry.npmjs.org/side-channel/-/side-channel-1.1.0.tgz 3326ms (cache miss)
927 http fetch GET 200 https://registry.npmjs.org/statuses/-/statuses-2.0.1.tgz 3415ms (cache miss)
928 http fetch GET 200 https://registry.npmjs.org/tailwindcss-animate/-/tailwindcss-animate-1.0.7.tgz 3417ms (cache miss)
929 http fetch GET 200 https://registry.npmjs.org/split2/-/split2-4.2.0.tgz 3415ms (cache miss)
930 http fetch GET 200 https://registry.npmjs.org/safe-buffer/-/safe-buffer-5.2.1.tgz 3517ms (cache miss)
931 http fetch GET 200 https://registry.npmjs.org/resolve-pkg-maps/-/resolve-pkg-maps-1.0.0.tgz 3587ms (cache miss)
932 http fetch GET 200 https://registry.npmjs.org/react-style-singleton/-/react-style-singleton-2.2.3.tgz 3579ms (cache miss)
933 http fetch GET 200 https://registry.npmjs.org/side-channel-map/-/side-channel-map-1.0.1.tgz 3627ms (cache miss)
934 http fetch GET 200 https://registry.npmjs.org/send/-/send-0.19.0.tgz 3800ms (cache miss)
935 http fetch GET 200 https://registry.npmjs.org/tinyglobby/-/tinyglobby-0.2.15.tgz 3830ms (cache miss)
936 http fetch GET 200 https://registry.npmjs.org/side-channel-list/-/side-channel-list-1.0.0.tgz 3812ms (cache miss)
937 http fetch GET 200 https://registry.npmjs.org/react-is/-/react-is-18.3.1.tgz 3848ms (cache miss)
938 http fetch GET 200 https://registry.npmjs.org/range-parser/-/range-parser-1.2.1.tgz 3906ms (cache miss)
939 http fetch GET 200 https://registry.npmjs.org/tw-animate-css/-/tw-animate-css-1.4.0.tgz 4067ms (cache miss)
940 http fetch GET 200 https://registry.npmjs.org/pseudomap/-/pseudomap-1.0.2.tgz 4217ms (cache miss)
941 http fetch GET 200 https://registry.npmjs.org/tslib/-/tslib-2.8.1.tgz 4298ms (cache miss)
942 http fetch GET 200 https://registry.npmjs.org/regexparam/-/regexparam-3.0.0.tgz 4281ms (cache miss)
943 http fetch GET 200 https://registry.npmjs.org/raw-body/-/raw-body-2.5.3.tgz 4262ms (cache miss)
944 http fetch GET 200 https://registry.npmjs.org/safer-buffer/-/safer-buffer-2.1.2.tgz 4330ms (cache miss)
945 http fetch GET 200 https://registry.npmjs.org/proxy-addr/-/proxy-addr-2.0.7.tgz 4362ms (cache miss)
946 http fetch GET 200 https://registry.npmjs.org/random-bytes/-/random-bytes-1.0.0.tgz 4366ms (cache miss)
947 http fetch GET 200 https://registry.npmjs.org/postgres-interval/-/postgres-interval-3.0.0.tgz 4628ms (cache miss)
948 http fetch GET 200 https://registry.npmjs.org/postgres-bytea/-/postgres-bytea-3.0.0.tgz 4644ms (cache miss)
949 http fetch GET 200 https://registry.npmjs.org/semver/-/semver-6.3.1.tgz 4764ms (cache miss)
950 http fetch GET 200 https://registry.npmjs.org/postgres-range/-/postgres-range-1.1.4.tgz 4710ms (cache miss)
951 http fetch GET 200 https://registry.npmjs.org/postgres-date/-/postgres-date-2.1.0.tgz 4700ms (cache miss)
952 http fetch GET 200 https://registry.npmjs.org/postgres-array/-/postgres-array-3.0.2.tgz 4778ms (cache miss)
953 http fetch GET 200 https://registry.npmjs.org/postcss-value-parser/-/postcss-value-parser-4.2.0.tgz 4842ms (cache miss)
954 http fetch GET 200 https://registry.npmjs.org/prop-types/-/prop-types-15.8.1.tgz 4895ms (cache miss)
955 http fetch GET 200 https://registry.npmjs.org/pgpass/-/pgpass-1.0.5.tgz 4902ms (cache miss)
956 http fetch GET 200 https://registry.npmjs.org/pg-int8/-/pg-int8-1.0.1.tgz 4899ms (cache miss)
957 http fetch GET 200 https://registry.npmjs.org/pg-numeric/-/pg-numeric-1.0.2.tgz 4901ms (cache miss)
958 http fetch GET 200 https://registry.npmjs.org/pg-pool/-/pg-pool-3.10.1.tgz 4911ms (cache miss)
959 http fetch GET 200 https://registry.npmjs.org/passport-strategy/-/passport-strategy-1.0.0.tgz 4906ms (cache miss)
960 http fetch GET 200 https://registry.npmjs.org/tiny-invariant/-/tiny-invariant-1.3.3.tgz 5058ms (cache miss)
961 http fetch GET 200 https://registry.npmjs.org/picocolors/-/picocolors-1.1.1.tgz 4952ms (cache miss)
962 http fetch GET 200 https://registry.npmjs.org/pg-connection-string/-/pg-connection-string-2.9.1.tgz 4956ms (cache miss)
963 http fetch GET 200 https://registry.npmjs.org/normalize-range/-/normalize-range-0.1.2.tgz 4941ms (cache miss)
964 http fetch GET 200 https://registry.npmjs.org/react-refresh/-/react-refresh-0.18.0.tgz 5064ms (cache miss)
965 http fetch GET 200 https://registry.npmjs.org/source-map-support/-/source-map-support-0.5.21.tgz 5122ms (cache miss)
966 http fetch GET 200 https://registry.npmjs.org/pg-types/-/pg-types-4.0.2.tgz 5028ms (cache miss)
967 http fetch GET 200 https://registry.npmjs.org/path-to-regexp/-/path-to-regexp-0.1.12.tgz 5023ms (cache miss)
968 http fetch GET 200 https://registry.npmjs.org/node-releases/-/node-releases-2.0.27.tgz 5011ms (cache miss)
969 http fetch GET 200 https://registry.npmjs.org/pause/-/pause-0.0.1.tgz 5020ms (cache miss)
970 http fetch GET 200 https://registry.npmjs.org/on-headers/-/on-headers-1.1.0.tgz 5020ms (cache miss)
971 http fetch GET 200 https://registry.npmjs.org/ms/-/ms-2.1.3.tgz 4997ms (cache miss)
972 http fetch GET 200 https://registry.npmjs.org/node-gyp-build/-/node-gyp-build-4.8.3.tgz 5104ms (cache miss)
973 http fetch GET 200 https://registry.npmjs.org/obuf/-/obuf-1.1.2.tgz 5130ms (cache miss)
974 http fetch GET 200 https://registry.npmjs.org/use-sync-external-store/-/use-sync-external-store-1.6.0.tgz 5388ms (cache miss)
975 http fetch GET 200 https://registry.npmjs.org/next-themes/-/next-themes-0.4.6.tgz 5158ms (cache miss)
976 http fetch GET 200 https://registry.npmjs.org/object-assign/-/object-assign-4.1.1.tgz 5163ms (cache miss)
977 http fetch GET 200 https://registry.npmjs.org/passport-local/-/passport-local-1.0.0.tgz 5170ms (cache miss)
978 http fetch GET 200 https://registry.npmjs.org/nanoid/-/nanoid-3.3.11.tgz 5141ms (cache miss)
979 http fetch GET 200 https://registry.npmjs.org/on-finished/-/on-finished-2.4.1.tgz 5167ms (cache miss)
980 http fetch GET 200 https://registry.npmjs.org/scheduler/-/scheduler-0.27.0.tgz 5323ms (cache miss)
981 http fetch GET 200 https://registry.npmjs.org/parseurl/-/parseurl-1.3.3.tgz 5232ms (cache miss)
982 http fetch GET 200 https://registry.npmjs.org/mime-types/-/mime-types-2.1.35.tgz 5201ms (cache miss)
983 http fetch GET 200 https://registry.npmjs.org/wouter/-/wouter-3.3.5.tgz 5514ms (cache miss)
984 http fetch GET 200 https://registry.npmjs.org/picomatch/-/picomatch-4.0.3.tgz 5288ms (cache miss)
985 http fetch GET 200 https://registry.npmjs.org/negotiator/-/negotiator-0.6.3.tgz 5242ms (cache miss)
986 http fetch GET 200 https://registry.npmjs.org/loose-envify/-/loose-envify-1.4.0.tgz 5259ms (cache miss)
987 http fetch GET 200 https://registry.npmjs.org/mime/-/mime-1.6.0.tgz 5324ms (cache miss)
988 http fetch GET 200 https://registry.npmjs.org/merge-descriptors/-/merge-descriptors-1.0.3.tgz 5285ms (cache miss)
989 http fetch GET 200 https://registry.npmjs.org/lru-cache/-/lru-cache-5.1.1.tgz 5279ms (cache miss)
990 http fetch GET 200 https://registry.npmjs.org/media-typer/-/media-typer-0.3.0.tgz 5286ms (cache miss)
991 http fetch GET 200 https://registry.npmjs.org/methods/-/methods-1.1.2.tgz 5318ms (cache miss)
992 http fetch GET 200 https://registry.npmjs.org/sonner/-/sonner-2.0.7.tgz 5771ms (cache miss)
993 http fetch GET 200 https://registry.npmjs.org/memorystore/-/memorystore-1.6.7.tgz 5602ms (cache miss)
994 http fetch GET 200 https://registry.npmjs.org/vaul/-/vaul-1.1.2.tgz 6006ms (cache miss)
995 http fetch GET 200 https://registry.npmjs.org/mime-db/-/mime-db-1.52.0.tgz 5819ms (cache miss)
996 http fetch GET 200 https://registry.npmjs.org/js-tokens/-/js-tokens-4.0.0.tgz 5794ms (cache miss)
997 http fetch GET 200 https://registry.npmjs.org/http-errors/-/http-errors-2.0.0.tgz 5786ms (cache miss)
998 http fetch GET 200 https://registry.npmjs.org/inherits/-/inherits-2.0.4.tgz 5792ms (cache miss)
999 http fetch GET 200 https://registry.npmjs.org/internmap/-/internmap-2.0.3.tgz 5798ms (cache miss)
1000 http fetch GET 200 https://registry.npmjs.org/ipaddr.js/-/ipaddr.js-1.9.1.tgz 5798ms (cache miss)
1001 http fetch GET 200 https://registry.npmjs.org/get-nonce/-/get-nonce-1.0.1.tgz 5851ms (cache miss)
1002 http fetch GET 200 https://registry.npmjs.org/mitt/-/mitt-3.0.1.tgz 6051ms (cache miss)
1003 http fetch GET 200 https://registry.npmjs.org/gopd/-/gopd-1.2.0.tgz 5970ms (cache miss)
1004 http fetch GET 200 https://registry.npmjs.org/jsesc/-/jsesc-3.0.2.tgz 6011ms (cache miss)
1005 http fetch GET 200 https://registry.npmjs.org/has-symbols/-/has-symbols-1.1.0.tgz 6016ms (cache miss)
1006 http fetch GET 200 https://registry.npmjs.org/graceful-fs/-/graceful-fs-4.2.11.tgz 6018ms (cache miss)
1007 http fetch GET 200 https://registry.npmjs.org/source-map-js/-/source-map-js-1.2.1.tgz 6270ms (cache miss)
1008 http fetch GET 200 https://registry.npmjs.org/pg-cloudflare/-/pg-cloudflare-1.2.7.tgz 6164ms (cache miss)
1009 http fetch GET 200 https://registry.npmjs.org/function-bind/-/function-bind-1.1.2.tgz 6063ms (cache miss)
1010 http fetch GET 200 https://registry.npmjs.org/hasown/-/hasown-2.0.2.tgz 6124ms (cache miss)
1011 http fetch GET 200 https://registry.npmjs.org/get-intrinsic/-/get-intrinsic-1.3.0.tgz 6125ms (cache miss)
1012 http fetch GET 200 https://registry.npmjs.org/fresh/-/fresh-0.5.2.tgz 6163ms (cache miss)
1013 http fetch GET 200 https://registry.npmjs.org/forwarded/-/forwarded-0.2.0.tgz 6157ms (cache miss)
1014 http fetch GET 200 https://registry.npmjs.org/get-proto/-/get-proto-1.0.1.tgz 6200ms (cache miss)
1015 http fetch GET 200 https://registry.npmjs.org/gensync/-/gensync-1.0.0-beta.2.tgz 6201ms (cache miss)
1016 http fetch GET 200 https://registry.npmjs.org/fraction.js/-/fraction.js-4.3.7.tgz 6202ms (cache miss)
1017 http fetch GET 200 https://registry.npmjs.org/finalhandler/-/finalhandler-1.3.1.tgz 6202ms (cache miss)
1018 http fetch GET 200 https://registry.npmjs.org/fdir/-/fdir-6.5.0.tgz 6201ms (cache miss)
1019 http fetch GET 200 https://registry.npmjs.org/get-tsconfig/-/get-tsconfig-4.8.1.tgz 6227ms (cache miss)
1020 http fetch GET 200 https://registry.npmjs.org/fsevents/-/fsevents-2.3.3.tgz 6259ms (cache miss)
1021 http fetch GET 200 https://registry.npmjs.org/etag/-/etag-1.8.1.tgz 6351ms (cache miss)
1022 http fetch GET 200 https://registry.npmjs.org/undici-types/-/undici-types-6.21.0.tgz 6771ms (cache miss)
1023 http fetch GET 200 https://registry.npmjs.org/es-errors/-/es-errors-1.3.0.tgz 6420ms (cache miss)
1024 http fetch GET 200 https://registry.npmjs.org/ee-first/-/ee-first-1.1.1.tgz 6411ms (cache miss)
1025 http fetch GET 200 https://registry.npmjs.org/escape-html/-/escape-html-1.0.3.tgz 6468ms (cache miss)
1026 http fetch GET 200 https://registry.npmjs.org/escalade/-/escalade-3.2.0.tgz 6469ms (cache miss)
1027 http fetch GET 200 https://registry.npmjs.org/encodeurl/-/encodeurl-2.0.0.tgz 6458ms (cache miss)
1028 http fetch GET 200 https://registry.npmjs.org/embla-carousel-reactive-utils/-/embla-carousel-reactive-utils-8.6.0.tgz 6461ms (cache miss)
1029 http fetch GET 200 https://registry.npmjs.org/embla-carousel-react/-/embla-carousel-react-8.6.0.tgz 6459ms (cache miss)
1030 http fetch GET 200 https://registry.npmjs.org/eventemitter3/-/eventemitter3-4.0.7.tgz 6479ms (cache miss)
1031 http fetch GET 200 https://registry.npmjs.org/drizzle-zod/-/drizzle-zod-0.7.0.tgz 6508ms (cache miss)
1032 http fetch GET 200 https://registry.npmjs.org/dunder-proto/-/dunder-proto-1.0.1.tgz 6508ms (cache miss)
1033 http fetch GET 200 https://registry.npmjs.org/es-object-atoms/-/es-object-atoms-1.1.1.tgz 6549ms (cache miss)
1034 http fetch GET 200 https://registry.npmjs.org/es-define-property/-/es-define-property-1.0.1.tgz 6545ms (cache miss)
1035 http fetch GET 200 https://registry.npmjs.org/tapable/-/tapable-2.3.0.tgz 6873ms (cache miss)
1036 http fetch GET 200 https://registry.npmjs.org/depd/-/depd-2.0.0.tgz 6583ms (cache miss)
1037 http fetch GET 200 https://registry.npmjs.org/esbuild/-/esbuild-0.25.9.tgz 6613ms (cache miss)
1038 http fetch GET 200 https://registry.npmjs.org/detect-libc/-/detect-libc-2.0.3.tgz 6610ms (cache miss)
1039 http fetch GET 200 https://registry.npmjs.org/express-session/-/express-session-1.18.2.tgz 6645ms (cache miss)
1040 http fetch GET 200 https://registry.npmjs.org/destroy/-/destroy-1.2.0.tgz 6632ms (cache miss)
1041 http fetch GET 200 https://registry.npmjs.org/debug/-/debug-4.3.7.tgz 6639ms (cache miss)
1042 http fetch GET 200 https://registry.npmjs.org/detect-node-es/-/detect-node-es-1.1.0.tgz 6666ms (cache miss)
1043 http fetch GET 200 https://registry.npmjs.org/recharts-scale/-/recharts-scale-0.4.5.tgz 6926ms (cache miss)
1044 http fetch GET 200 https://registry.npmjs.org/ws/-/ws-8.18.0.tgz 7099ms (cache miss)
1045 http fetch GET 200 https://registry.npmjs.org/d3-timer/-/d3-timer-3.0.1.tgz 6696ms (cache miss)
1046 http fetch GET 200 https://registry.npmjs.org/qs/-/qs-6.14.1.tgz 6940ms (cache miss)
1047 http fetch GET 200 https://registry.npmjs.org/esbuild-register/-/esbuild-register-3.6.0.tgz 6800ms (cache miss)
1048 http fetch GET 200 https://registry.npmjs.org/electron-to-chromium/-/electron-to-chromium-1.5.243.tgz 6783ms (cache miss)
1049 http fetch GET 200 https://registry.npmjs.org/d3-time/-/d3-time-3.1.0.tgz 6826ms (cache miss)
1050 http fetch GET 200 https://registry.npmjs.org/modern-screenshot/-/modern-screenshot-4.6.0.tgz 7038ms (cache miss)
1051 http fetch GET 200 https://registry.npmjs.org/d3-path/-/d3-path-3.1.0.tgz 6922ms (cache miss)
1052 http fetch GET 200 https://registry.npmjs.org/math-intrinsics/-/math-intrinsics-1.1.0.tgz 7121ms (cache miss)
1053 http fetch GET 200 https://registry.npmjs.org/input-otp/-/input-otp-1.4.2.tgz 7104ms (cache miss)
1054 http fetch GET 200 https://registry.npmjs.org/d3-ease/-/d3-ease-3.0.1.tgz 7031ms (cache miss)
1055 http fetch GET 200 https://registry.npmjs.org/decimal.js-light/-/decimal.js-light-2.5.1.tgz 7114ms (cache miss)
1056 http fetch GET 200 https://registry.npmjs.org/react/-/react-19.2.0.tgz 7454ms (cache miss)
1057 http fetch GET 200 https://registry.npmjs.org/cookie/-/cookie-0.7.1.tgz 7174ms (cache miss)
1058 http fetch GET 200 https://registry.npmjs.org/cookie-signature/-/cookie-signature-1.0.6.tgz 7253ms (cache miss)
1059 http fetch GET 200 https://registry.npmjs.org/convert-source-map/-/convert-source-map-2.0.0.tgz 7253ms (cache miss)
1060 http fetch GET 200 https://registry.npmjs.org/content-type/-/content-type-1.0.5.tgz 7265ms (cache miss)
1061 http fetch GET 200 https://registry.npmjs.org/content-disposition/-/content-disposition-0.5.4.tgz 7269ms (cache miss)
1062 http fetch GET 200 https://registry.npmjs.org/connect-pg-simple/-/connect-pg-simple-10.0.0.tgz 7287ms (cache miss)
1063 http fetch GET 200 https://registry.npmjs.org/clsx/-/clsx-2.1.1.tgz 7330ms (cache miss)
1064 http fetch GET 200 https://registry.npmjs.org/d3-color/-/d3-color-3.1.0.tgz 7364ms (cache miss)
1065 http fetch GET 200 https://registry.npmjs.org/class-variance-authority/-/class-variance-authority-0.7.1.tgz 7466ms (cache miss)
1066 http fetch GET 200 https://registry.npmjs.org/magic-string/-/magic-string-0.30.21.tgz 7607ms (cache miss)
1067 http fetch GET 200 https://registry.npmjs.org/lightningcss/-/lightningcss-1.30.2.tgz 7605ms (cache miss)
1068 http fetch GET 200 https://registry.npmjs.org/json5/-/json5-2.2.3.tgz 7640ms (cache miss)
1069 http fetch GET 200 https://registry.npmjs.org/bytes/-/bytes-3.1.2.tgz 7587ms (cache miss)
1070 http fetch GET 200 https://registry.npmjs.org/buffer-from/-/buffer-from-1.1.2.tgz 7604ms (cache miss)
1071 http fetch GET 200 https://registry.npmjs.org/call-bind-apply-helpers/-/call-bind-apply-helpers-1.0.2.tgz 7643ms (cache miss)
1072 http fetch GET 200 https://registry.npmjs.org/pg/-/pg-8.16.3.tgz 7894ms (cache miss)
1073 http fetch GET 200 https://registry.npmjs.org/call-bound/-/call-bound-1.0.4.tgz 7698ms (cache miss)
1074 http fetch GET 200 https://registry.npmjs.org/browserslist/-/browserslist-4.27.0.tgz 7728ms (cache miss)
1075 http fetch GET 200 https://registry.npmjs.org/react-smooth/-/react-smooth-4.0.4.tgz 8061ms (cache miss)
1076 http fetch GET 200 https://registry.npmjs.org/object-inspect/-/object-inspect-1.13.4.tgz 8018ms (cache miss)
1077 http fetch GET 200 https://registry.npmjs.org/accepts/-/accepts-1.3.8.tgz 7784ms (cache miss)
1078 http fetch GET 200 https://registry.npmjs.org/aria-hidden/-/aria-hidden-1.2.4.tgz 7802ms (cache miss)
1079 http fetch GET 200 https://registry.npmjs.org/passport/-/passport-0.7.0.tgz 8072ms (cache miss)
1080 http fetch GET 200 https://registry.npmjs.org/array-flatten/-/array-flatten-1.1.1.tgz 7853ms (cache miss)
1081 http fetch GET 200 https://registry.npmjs.org/cmdk/-/cmdk-1.1.1.tgz 7913ms (cache miss)
1082 http fetch GET 200 https://registry.npmjs.org/express/-/express-4.22.1.tgz 8034ms (cache miss)
1083 http fetch GET 200 https://registry.npmjs.org/@types/ws/-/ws-8.5.13.tgz 7971ms (cache miss)
1084 http fetch GET 200 https://registry.npmjs.org/body-parser/-/body-parser-1.20.4.tgz 7984ms (cache miss)
1085 http fetch GET 200 https://registry.npmjs.org/baseline-browser-mapping/-/baseline-browser-mapping-2.8.21.tgz 7985ms (cache miss)
1086 http fetch GET 200 https://registry.npmjs.org/@types/serve-static/-/serve-static-1.15.7.tgz 7995ms (cache miss)
1087 http fetch GET 200 https://registry.npmjs.org/@types/react-dom/-/react-dom-19.2.2.tgz 7997ms (cache miss)
1088 http fetch GET 200 https://registry.npmjs.org/@types/send/-/send-0.17.4.tgz 8006ms (cache miss)
1089 http fetch GET 200 https://registry.npmjs.org/react-remove-scroll-bar/-/react-remove-scroll-bar-2.3.8.tgz 8342ms (cache miss)
1090 http fetch GET 200 https://registry.npmjs.org/react-transition-group/-/react-transition-group-4.4.5.tgz 8406ms (cache miss)
1091 http fetch GET 200 https://registry.npmjs.org/@types/pg/-/pg-8.11.6.tgz 8277ms (cache miss)
1092 http fetch GET 200 https://registry.npmjs.org/@types/range-parser/-/range-parser-1.2.7.tgz 8392ms (cache miss)
1093 http fetch GET 200 https://registry.npmjs.org/@types/d3-timer/-/d3-timer-3.0.2.tgz 8396ms (cache miss)
1094 http fetch GET 200 https://registry.npmjs.org/@types/passport-strategy/-/passport-strategy-0.2.38.tgz 8427ms (cache miss)
1095 http fetch GET 200 https://registry.npmjs.org/@types/estree/-/estree-1.0.8.tgz 8423ms (cache miss)
1096 http fetch GET 200 https://registry.npmjs.org/source-map/-/source-map-0.6.1.tgz 8814ms (cache miss)
1097 http fetch GET 200 https://registry.npmjs.org/@types/passport/-/passport-1.0.17.tgz 8447ms (cache miss)
1098 http fetch GET 200 https://registry.npmjs.org/iconv-lite/-/iconv-lite-0.4.24.tgz 8785ms (cache miss)
1099 http fetch GET 200 https://registry.npmjs.org/@types/d3-path/-/d3-path-3.1.0.tgz 8643ms (cache miss)
1100 http fetch GET 200 https://registry.npmjs.org/@types/d3-time/-/d3-time-3.0.3.tgz 8644ms (cache miss)
1101 http fetch GET 200 https://registry.npmjs.org/@types/d3-shape/-/d3-shape-3.1.6.tgz 8764ms (cache miss)
1102 http fetch GET 200 https://registry.npmjs.org/d3-scale/-/d3-scale-4.0.2.tgz 8919ms (cache miss)
1103 http fetch GET 200 https://registry.npmjs.org/@types/express-session/-/express-session-1.18.0.tgz 8884ms (cache miss)
1104 http fetch GET 200 https://registry.npmjs.org/d3-interpolate/-/d3-interpolate-3.0.1.tgz 9105ms (cache miss)
1105 http fetch GET 200 https://registry.npmjs.org/tailwindcss/-/tailwindcss-4.1.16.tgz 9438ms (cache miss)
1106 http fetch GET 200 https://registry.npmjs.org/@vitejs/plugin-react/-/plugin-react-5.1.0.tgz 9098ms (cache miss)
1107 http fetch GET 200 https://registry.npmjs.org/pg-protocol/-/pg-protocol-1.10.3.tgz 9363ms (cache miss)
1108 http fetch GET 200 https://registry.npmjs.org/@types/passport-local/-/passport-local-1.0.38.tgz 9091ms (cache miss)
1109 http fetch GET 200 https://registry.npmjs.org/@types/d3-interpolate/-/d3-interpolate-3.0.4.tgz 9093ms (cache miss)
1110 http fetch GET 200 https://registry.npmjs.org/@types/mime/-/mime-1.3.5.tgz 9122ms (cache miss)
1111 http fetch GET 200 https://registry.npmjs.org/@types/d3-scale/-/d3-scale-4.0.8.tgz 9115ms (cache miss)
1112 http fetch GET 200 https://registry.npmjs.org/csstype/-/csstype-3.1.3.tgz 9167ms (cache miss)
1113 http fetch GET 200 https://registry.npmjs.org/@types/babel__generator/-/babel__generator-7.6.8.tgz 9077ms (cache miss)
1114 http fetch GET 200 https://registry.npmjs.org/@types/babel__traverse/-/babel__traverse-7.20.6.tgz 9154ms (cache miss)
1115 http fetch GET 200 https://registry.npmjs.org/@types/d3-ease/-/d3-ease-3.0.2.tgz 9085ms (cache miss)
1116 http fetch GET 200 https://registry.npmjs.org/@types/d3-color/-/d3-color-3.1.3.tgz 9174ms (cache miss)
1117 http fetch GET 200 https://registry.npmjs.org/@types/express/-/express-4.17.21.tgz 9255ms (cache miss)
1118 http fetch GET 200 https://registry.npmjs.org/@types/express-serve-static-core/-/express-serve-static-core-4.19.6.tgz 9266ms (cache miss)
1119 http fetch GET 200 https://registry.npmjs.org/@types/http-errors/-/http-errors-2.0.4.tgz 9277ms (cache miss)
1120 http fetch GET 200 https://registry.npmjs.org/@types/react/-/react-19.2.2.tgz 9346ms (cache miss)
1121 http fetch GET 200 https://registry.npmjs.org/@types/connect-pg-simple/-/connect-pg-simple-7.0.3.tgz 9336ms (cache miss)
1122 http fetch GET 200 https://registry.npmjs.org/@types/body-parser/-/body-parser-1.19.5.tgz 9335ms (cache miss)
1123 http fetch GET 200 https://registry.npmjs.org/@types/babel__template/-/babel__template-7.4.4.tgz 9356ms (cache miss)
1124 http fetch GET 200 https://registry.npmjs.org/d3-time-format/-/d3-time-format-4.1.0.tgz 9561ms (cache miss)
1125 http fetch GET 200 https://registry.npmjs.org/tailwind-merge/-/tailwind-merge-3.3.1.tgz 9887ms (cache miss)
1126 http fetch GET 200 https://registry.npmjs.org/jiti/-/jiti-2.6.1.tgz 9726ms (cache miss)
1127 http fetch GET 200 https://registry.npmjs.org/postcss/-/postcss-8.5.6.tgz 9912ms (cache miss)
1128 http fetch GET 200 https://registry.npmjs.org/enhanced-resolve/-/enhanced-resolve-5.18.3.tgz 9768ms (cache miss)
1129 http fetch GET 200 https://registry.npmjs.org/motion-utils/-/motion-utils-12.23.6.tgz 9915ms (cache miss)
1130 http fetch GET 200 https://registry.npmjs.org/tsx/-/tsx-4.20.5.tgz 10151ms (cache miss)
1131 http fetch GET 200 https://registry.npmjs.org/fast-equals/-/fast-equals-5.3.2.tgz 10128ms (cache miss)
1132 http fetch GET 200 https://registry.npmjs.org/@tailwindcss/oxide/-/oxide-4.1.16.tgz 9770ms (cache miss)
1133 http fetch GET 200 https://registry.npmjs.org/@types/connect/-/connect-3.4.38.tgz 10020ms (cache miss)
1134 http fetch GET 200 https://registry.npmjs.org/@types/d3-array/-/d3-array-3.2.1.tgz 10022ms (cache miss)
1135 http fetch GET 200 https://registry.npmjs.org/use-sidecar/-/use-sidecar-1.1.3.tgz 10631ms (cache miss)
1136 http fetch GET 200 https://registry.npmjs.org/@replit/vite-plugin-runtime-error-modal/-/vite-plugin-runtime-error-modal-0.0.4.tgz 9899ms (cache miss)
1137 http fetch GET 200 https://registry.npmjs.org/@types/babel__core/-/babel__core-7.20.5.tgz 10092ms (cache miss)
1138 http fetch GET 200 https://registry.npmjs.org/d3-array/-/d3-array-3.2.4.tgz 10237ms (cache miss)
1139 http fetch GET 200 https://registry.npmjs.org/@tailwindcss/node/-/node-4.1.16.tgz 10024ms (cache miss)
1140 http fetch GET 200 https://registry.npmjs.org/d3-format/-/d3-format-3.1.0.tgz 10494ms (cache miss)
1141 http fetch GET 200 https://registry.npmjs.org/use-callback-ref/-/use-callback-ref-1.3.3.tgz 10948ms (cache miss)
1142 http fetch GET 200 https://registry.npmjs.org/@replit/vite-plugin-dev-banner/-/vite-plugin-dev-banner-0.1.1.tgz 10212ms (cache miss)
1143 http fetch GET 200 https://registry.npmjs.org/@radix-ui/rect/-/rect-1.1.1.tgz 10243ms (cache miss)
1144 http fetch GET 200 https://registry.npmjs.org/@rolldown/pluginutils/-/pluginutils-1.0.0-beta.43.tgz 10260ms (cache miss)
1145 http fetch GET 200 https://registry.npmjs.org/@tailwindcss/vite/-/vite-4.1.16.tgz 10420ms (cache miss)
1146 http fetch GET 200 https://registry.npmjs.org/react-remove-scroll/-/react-remove-scroll-2.6.3.tgz 10952ms (cache miss)
1147 http fetch GET 200 https://registry.npmjs.org/react-resizable-panels/-/react-resizable-panels-2.1.9.tgz 10979ms (cache miss)
1148 http fetch GET 200 https://registry.npmjs.org/rollup/-/rollup-4.52.5.tgz 11115ms (cache miss)
1149 http fetch GET 200 https://registry.npmjs.org/d3-shape/-/d3-shape-3.2.0.tgz 10860ms (cache miss)
1150 http fetch GET 200 https://registry.npmjs.org/@types/qs/-/qs-6.9.16.tgz 10861ms (cache miss)
1151 http fetch GET 200 https://registry.npmjs.org/@radix-ui/react-use-size/-/react-use-size-1.1.1.tgz 10588ms (cache miss)
1152 http fetch GET 200 https://registry.npmjs.org/@radix-ui/react-use-escape-keydown/-/react-use-escape-keydown-1.1.1.tgz 10594ms (cache miss)
1153 http fetch GET 200 https://registry.npmjs.org/@radix-ui/react-visually-hidden/-/react-visually-hidden-1.2.3.tgz 10607ms (cache miss)
1154 http fetch GET 200 https://registry.npmjs.org/@radix-ui/react-use-previous/-/react-use-previous-1.1.1.tgz 10614ms (cache miss)
1155 http fetch GET 200 https://registry.npmjs.org/vite/-/vite-7.1.12.tgz 11393ms (cache miss)
1156 http fetch GET 200 https://registry.npmjs.org/@radix-ui/react-use-effect-event/-/react-use-effect-event-0.0.2.tgz 10825ms (cache miss)
1157 http fetch GET 200 https://registry.npmjs.org/@types/node/-/node-20.19.24.tgz 11148ms (cache miss)
1158 http fetch GET 200 https://registry.npmjs.org/@radix-ui/react-use-controllable-state/-/react-use-controllable-state-1.1.1.tgz 10998ms (cache miss)
1159 http fetch GET 200 https://registry.npmjs.org/@radix-ui/react-use-callback-ref/-/react-use-callback-ref-1.1.1.tgz 11033ms (cache miss)
1160 http fetch GET 200 https://registry.npmjs.org/@rollup/rollup-darwin-x64/-/rollup-darwin-x64-4.52.5.tgz 11137ms (cache miss)
1161 http fetch GET 200 https://registry.npmjs.org/@tailwindcss/oxide-darwin-x64/-/oxide-darwin-x64-4.1.16.tgz 11185ms (cache miss)
1162 http fetch GET 200 https://registry.npmjs.org/@radix-ui/react-use-rect/-/react-use-rect-1.1.1.tgz 11239ms (cache miss)
1163 http fetch GET 200 https://registry.npmjs.org/autoprefixer/-/autoprefixer-10.4.21.tgz 11620ms (cache miss)
1164 http fetch GET 200 https://registry.npmjs.org/@radix-ui/react-use-is-hydrated/-/react-use-is-hydrated-0.1.0.tgz 11332ms (cache miss)
1165 http fetch GET 200 https://registry.npmjs.org/@replit/vite-plugin-cartographer/-/vite-plugin-cartographer-0.4.4.tgz 11356ms (cache miss)
1166 http fetch GET 200 https://registry.npmjs.org/@radix-ui/react-tooltip/-/react-tooltip-1.2.8.tgz 11562ms (cache miss)
1167 http fetch GET 200 https://registry.npmjs.org/@radix-ui/react-separator/-/react-separator-1.1.8.tgz 11607ms (cache miss)
1168 http fetch GET 200 https://registry.npmjs.org/@radix-ui/react-switch/-/react-switch-1.2.6.tgz 11654ms (cache miss)
1169 http fetch GET 200 https://registry.npmjs.org/@radix-ui/react-slot/-/react-slot-1.2.4.tgz 11664ms (cache miss)
1170 http fetch GET 200 https://registry.npmjs.org/@radix-ui/react-slider/-/react-slider-1.3.6.tgz 11731ms (cache miss)
1171 http fetch GET 200 https://registry.npmjs.org/@radix-ui/react-scroll-area/-/react-scroll-area-1.2.10.tgz 11798ms (cache miss)
1172 http fetch GET 200 https://registry.npmjs.org/@radix-ui/react-select/-/react-select-2.2.6.tgz 11846ms (cache miss)
1173 http fetch GET 200 https://registry.npmjs.org/embla-carousel/-/embla-carousel-8.6.0.tgz 12311ms (cache miss)
1174 http fetch GET 200 https://registry.npmjs.org/@radix-ui/react-primitive/-/react-primitive-2.1.3.tgz 12063ms (cache miss)
1175 http fetch GET 200 https://registry.npmjs.org/@radix-ui/react-radio-group/-/react-radio-group-1.3.8.tgz 12069ms (cache miss)
1176 http fetch GET 200 https://registry.npmjs.org/@radix-ui/react-roving-focus/-/react-roving-focus-1.1.11.tgz 12073ms (cache miss)
1177 http fetch GET 200 https://registry.npmjs.org/@radix-ui/react-use-layout-effect/-/react-use-layout-effect-1.1.1.tgz 12113ms (cache miss)
1178 http fetch GET 200 https://registry.npmjs.org/react-dom/-/react-dom-19.2.0.tgz 12729ms (cache miss)
1179 http fetch GET 200 https://registry.npmjs.org/@radix-ui/react-progress/-/react-progress-1.1.8.tgz 12096ms (cache miss)
1180 http fetch GET 200 https://registry.npmjs.org/drizzle-kit/-/drizzle-kit-0.31.4.tgz 12490ms (cache miss)
1181 http fetch GET 200 https://registry.npmjs.org/@radix-ui/react-toast/-/react-toast-1.2.7.tgz 12156ms (cache miss)
1182 http fetch GET 200 https://registry.npmjs.org/@radix-ui/react-popper/-/react-popper-1.2.8.tgz 12503ms (cache miss)
1183 http fetch GET 200 https://registry.npmjs.org/@radix-ui/react-toggle/-/react-toggle-1.1.10.tgz 12540ms (cache miss)
1184 http fetch GET 200 https://registry.npmjs.org/@radix-ui/react-popover/-/react-popover-1.1.15.tgz 12533ms (cache miss)
1185 http fetch GET 200 https://registry.npmjs.org/@radix-ui/react-menubar/-/react-menubar-1.1.16.tgz 12551ms (cache miss)
1186 http fetch GET 200 https://registry.npmjs.org/lightningcss-darwin-x64/-/lightningcss-darwin-x64-1.30.2.tgz 13168ms (cache miss)
1187 http fetch GET 200 https://registry.npmjs.org/@radix-ui/react-focus-guards/-/react-focus-guards-1.1.3.tgz 12790ms (cache miss)
1188 http fetch GET 200 https://registry.npmjs.org/@radix-ui/react-label/-/react-label-2.1.8.tgz 12810ms (cache miss)
1189 http fetch GET 200 https://registry.npmjs.org/@radix-ui/react-presence/-/react-presence-1.1.5.tgz 12835ms (cache miss)
1190 http fetch GET 200 https://registry.npmjs.org/@radix-ui/react-menu/-/react-menu-2.1.16.tgz 12887ms (cache miss)
1191 http fetch GET 200 https://registry.npmjs.org/dom-helpers/-/dom-helpers-5.2.1.tgz 13324ms (cache miss)
1192 http fetch GET 200 https://registry.npmjs.org/@radix-ui/react-focus-scope/-/react-focus-scope-1.1.7.tgz 12932ms (cache miss)
1193 http fetch GET 200 https://registry.npmjs.org/@radix-ui/react-navigation-menu/-/react-navigation-menu-1.2.14.tgz 13053ms (cache miss)
1194 http fetch GET 200 https://registry.npmjs.org/@radix-ui/react-portal/-/react-portal-1.1.9.tgz 13232ms (cache miss)
1195 http fetch GET 200 https://registry.npmjs.org/@radix-ui/react-id/-/react-id-1.1.1.tgz 13233ms (cache miss)
1196 http fetch GET 200 https://registry.npmjs.org/@radix-ui/react-dismissable-layer/-/react-dismissable-layer-1.1.11.tgz 13241ms (cache miss)
1197 http fetch GET 200 https://registry.npmjs.org/@radix-ui/react-dialog/-/react-dialog-1.1.15.tgz 13252ms (cache miss)
1198 http fetch GET 200 https://registry.npmjs.org/@radix-ui/react-tabs/-/react-tabs-1.1.13.tgz 13407ms (cache miss)
1199 http fetch GET 200 https://registry.npmjs.org/@radix-ui/react-hover-card/-/react-hover-card-1.1.15.tgz 13599ms (cache miss)
1200 http fetch GET 200 https://registry.npmjs.org/@radix-ui/react-context/-/react-context-1.1.2.tgz 13626ms (cache miss)
1201 http fetch GET 200 https://registry.npmjs.org/@radix-ui/react-arrow/-/react-arrow-1.1.7.tgz 13624ms (cache miss)
1202 http fetch GET 200 https://registry.npmjs.org/react-hook-form/-/react-hook-form-7.66.0.tgz 14321ms (cache miss)
1203 http fetch GET 200 https://registry.npmjs.org/@radix-ui/react-context-menu/-/react-context-menu-2.2.16.tgz 13700ms (cache miss)
1204 http fetch GET 200 https://registry.npmjs.org/@radix-ui/react-collapsible/-/react-collapsible-1.1.12.tgz 13724ms (cache miss)
1205 http fetch GET 200 https://registry.npmjs.org/@jridgewell/resolve-uri/-/resolve-uri-3.1.2.tgz 13778ms (cache miss)
1206 http fetch GET 200 https://registry.npmjs.org/@radix-ui/react-dropdown-menu/-/react-dropdown-menu-2.1.16.tgz 14088ms (cache miss)
1207 http fetch GET 200 https://registry.npmjs.org/@radix-ui/react-aspect-ratio/-/react-aspect-ratio-1.1.8.tgz 14073ms (cache miss)
1208 http fetch GET 200 https://registry.npmjs.org/@radix-ui/react-avatar/-/react-avatar-1.1.11.tgz 14095ms (cache miss)
1209 http fetch GET 200 https://registry.npmjs.org/@radix-ui/react-checkbox/-/react-checkbox-1.3.3.tgz 14097ms (cache miss)
1210 http fetch GET 200 https://registry.npmjs.org/@jridgewell/sourcemap-codec/-/sourcemap-codec-1.5.5.tgz 14083ms (cache miss)
1211 http fetch GET 200 https://registry.npmjs.org/@jridgewell/remapping/-/remapping-2.3.5.tgz 14098ms (cache miss)
1212 http fetch GET 200 https://registry.npmjs.org/@radix-ui/react-compose-refs/-/react-compose-refs-1.1.2.tgz 14140ms (cache miss)
1213 http fetch GET 200 https://registry.npmjs.org/@radix-ui/react-accordion/-/react-accordion-1.2.12.tgz 14137ms (cache miss)
1214 http fetch GET 200 https://registry.npmjs.org/@radix-ui/primitive/-/primitive-1.1.2.tgz 14453ms (cache miss)
1215 http fetch GET 200 https://registry.npmjs.org/@radix-ui/react-direction/-/react-direction-1.1.1.tgz 14504ms (cache miss)
1216 http fetch GET 200 https://registry.npmjs.org/@radix-ui/number/-/number-1.1.1.tgz 14485ms (cache miss)
1217 http fetch GET 200 https://registry.npmjs.org/@radix-ui/react-collection/-/react-collection-1.1.7.tgz 14507ms (cache miss)
1218 http fetch GET 200 https://registry.npmjs.org/@jridgewell/trace-mapping/-/trace-mapping-0.3.31.tgz 14511ms (cache miss)
1219 http fetch GET 200 https://registry.npmjs.org/@radix-ui/react-alert-dialog/-/react-alert-dialog-1.1.15.tgz 14536ms (cache miss)
1220 http fetch GET 200 https://registry.npmjs.org/@jridgewell/gen-mapping/-/gen-mapping-0.3.13.tgz 14706ms (cache miss)
1221 http fetch GET 200 https://registry.npmjs.org/@babel/plugin-transform-react-jsx-self/-/plugin-transform-react-jsx-self-7.27.1.tgz 14800ms (cache miss)
1222 http fetch GET 200 https://registry.npmjs.org/@floating-ui/react-dom/-/react-dom-2.1.6.tgz 14828ms (cache miss)
1223 http fetch GET 200 https://registry.npmjs.org/@esbuild-kit/esm-loader/-/esm-loader-2.6.5.tgz 14872ms (cache miss)
1224 warn deprecated @esbuild-kit/esm-loader@2.6.5: Merged into tsx: https://tsx.is
1225 http fetch GET 200 https://registry.npmjs.org/@babel/helper-validator-option/-/helper-validator-option-7.27.1.tgz 15008ms (cache miss)
1226 http fetch GET 200 https://registry.npmjs.org/@floating-ui/core/-/core-1.7.3.tgz 15126ms (cache miss)
1227 http fetch GET 200 https://registry.npmjs.org/@babel/plugin-transform-react-jsx-source/-/plugin-transform-react-jsx-source-7.27.1.tgz 15126ms (cache miss)
1228 http fetch GET 200 https://registry.npmjs.org/@babel/helper-compilation-targets/-/helper-compilation-targets-7.27.2.tgz 15193ms (cache miss)
1229 http fetch GET 200 https://registry.npmjs.org/@babel/helper-globals/-/helper-globals-7.28.0.tgz 15235ms (cache miss)
1230 http fetch GET 200 https://registry.npmjs.org/@esbuild-kit/core-utils/-/core-utils-3.3.2.tgz 15294ms (cache miss)
1231 warn deprecated @esbuild-kit/core-utils@3.3.2: Merged into tsx: https://tsx.is
1232 http fetch GET 200 https://registry.npmjs.org/@radix-ui/react-toggle-group/-/react-toggle-group-1.1.11.tgz 15482ms (cache miss)
1233 http fetch GET 200 https://registry.npmjs.org/@floating-ui/dom/-/dom-1.7.4.tgz 15478ms (cache miss)
1234 http fetch GET 200 https://registry.npmjs.org/@drizzle-team/brocli/-/brocli-0.10.2.tgz 15491ms (cache miss)
1235 http fetch GET 200 https://registry.npmjs.org/encodeurl/-/encodeurl-1.0.2.tgz 15508ms (cache miss)
1236 http fetch GET 200 https://registry.npmjs.org/ms/-/ms-2.0.0.tgz 15527ms (cache miss)
1237 http fetch GET 200 https://registry.npmjs.org/@babel/helper-module-imports/-/helper-module-imports-7.27.1.tgz 15561ms (cache miss)
1238 http fetch GET 200 https://registry.npmjs.org/@babel/code-frame/-/code-frame-7.27.1.tgz 15569ms (cache miss)
1239 http fetch GET 200 https://registry.npmjs.org/@babel/template/-/template-7.27.2.tgz 15602ms (cache miss)
1240 http fetch GET 200 https://registry.npmjs.org/@babel/helper-string-parser/-/helper-string-parser-7.27.1.tgz 15604ms (cache miss)
1241 http fetch GET 200 https://registry.npmjs.org/@babel/helper-plugin-utils/-/helper-plugin-utils-7.27.1.tgz 15622ms (cache miss)
1242 http fetch GET 200 https://registry.npmjs.org/http-errors/-/http-errors-2.0.1.tgz 15619ms (cache miss)
1243 http fetch GET 200 https://registry.npmjs.org/postgres-array/-/postgres-array-2.0.0.tgz 15623ms (cache miss)
1244 http fetch GET 200 https://registry.npmjs.org/react-is/-/react-is-16.13.1.tgz 15628ms (cache miss)
1245 http fetch GET 200 https://registry.npmjs.org/@floating-ui/utils/-/utils-0.2.10.tgz 15662ms (cache miss)
1246 http fetch GET 200 https://registry.npmjs.org/postgres-interval/-/postgres-interval-1.2.0.tgz 15630ms (cache miss)
1247 http fetch GET 200 https://registry.npmjs.org/postgres-date/-/postgres-date-1.0.7.tgz 15631ms (cache miss)
1248 http fetch GET 200 https://registry.npmjs.org/postgres-bytea/-/postgres-bytea-1.0.0.tgz 15638ms (cache miss)
1249 http fetch GET 200 https://registry.npmjs.org/debug/-/debug-2.6.9.tgz 15661ms (cache miss)
1250 http fetch GET 200 https://registry.npmjs.org/@babel/helper-module-transforms/-/helper-module-transforms-7.28.3.tgz 15721ms (cache miss)
1251 http fetch GET 200 https://registry.npmjs.org/motion-dom/-/motion-dom-12.23.23.tgz 16545ms (cache miss)
1252 http fetch GET 200 https://registry.npmjs.org/@babel/compat-data/-/compat-data-7.28.4.tgz 15983ms (cache miss)
1253 http fetch GET 200 https://registry.npmjs.org/ms/-/ms-2.0.0.tgz 16067ms (cache miss)
1254 http fetch GET 200 https://registry.npmjs.org/@date-fns/tz/-/tz-1.4.1.tgz 16135ms (cache miss)
1255 http fetch GET 200 https://registry.npmjs.org/debug/-/debug-2.6.9.tgz 16228ms (cache miss)
1256 http fetch GET 200 https://registry.npmjs.org/lru-cache/-/lru-cache-4.1.5.tgz 16310ms (cache miss)
1257 http fetch GET 200 https://registry.npmjs.org/yallist/-/yallist-2.1.2.tgz 16313ms (cache miss)
1258 http fetch GET 200 https://registry.npmjs.org/ms/-/ms-2.0.0.tgz 16316ms (cache miss)
1259 http fetch GET 200 https://registry.npmjs.org/cookie-signature/-/cookie-signature-1.0.7.tgz 16326ms (cache miss)
1260 http fetch GET 200 https://registry.npmjs.org/cookie/-/cookie-0.7.2.tgz 16357ms (cache miss)
1261 http fetch GET 200 https://registry.npmjs.org/pg-types/-/pg-types-2.2.0.tgz 16371ms (cache miss)
1262 http fetch GET 200 https://registry.npmjs.org/statuses/-/statuses-2.0.2.tgz 16367ms (cache miss)
1263 http fetch GET 200 https://registry.npmjs.org/statuses/-/statuses-2.0.2.tgz 16378ms (cache miss)
1264 http fetch GET 200 https://registry.npmjs.org/ms/-/ms-2.0.0.tgz 16390ms (cache miss)
1265 http fetch GET 200 https://registry.npmjs.org/ms/-/ms-2.0.0.tgz 16387ms (cache miss)
1266 http fetch GET 200 https://registry.npmjs.org/http-errors/-/http-errors-2.0.1.tgz 16388ms (cache miss)
1267 http fetch GET 200 https://registry.npmjs.org/@babel/helper-validator-identifier/-/helper-validator-identifier-7.27.1.tgz 16450ms (cache miss)
1268 http fetch GET 200 https://registry.npmjs.org/debug/-/debug-2.6.9.tgz 16422ms (cache miss)
1269 http fetch GET 200 https://registry.npmjs.org/debug/-/debug-2.6.9.tgz 16469ms (cache miss)
1270 http fetch GET 200 https://registry.npmjs.org/@babel/parser/-/parser-7.28.4.tgz 16571ms (cache miss)
1271 http fetch GET 200 https://registry.npmjs.org/debug/-/debug-2.6.9.tgz 16798ms (cache miss)
1272 http fetch GET 200 https://registry.npmjs.org/@radix-ui/primitive/-/primitive-1.1.3.tgz 16804ms (cache miss)
1273 http fetch GET 200 https://registry.npmjs.org/@radix-ui/react-use-controllable-state/-/react-use-controllable-state-1.2.2.tgz 16815ms (cache miss)
1274 http fetch GET 200 https://registry.npmjs.org/@radix-ui/primitive/-/primitive-1.1.3.tgz 16835ms (cache miss)
1275 http fetch GET 200 https://registry.npmjs.org/@radix-ui/react-use-controllable-state/-/react-use-controllable-state-1.2.2.tgz 16838ms (cache miss)
1276 http fetch GET 200 https://registry.npmjs.org/@radix-ui/react-use-controllable-state/-/react-use-controllable-state-1.2.2.tgz 16853ms (cache miss)
1277 http fetch GET 200 https://registry.npmjs.org/@radix-ui/react-visually-hidden/-/react-visually-hidden-1.1.3.tgz 16993ms (cache miss)
1278 http fetch GET 200 https://registry.npmjs.org/@radix-ui/react-slot/-/react-slot-1.2.0.tgz 16996ms (cache miss)
1279 http fetch GET 200 https://registry.npmjs.org/@radix-ui/react-use-controllable-state/-/react-use-controllable-state-1.2.2.tgz 17150ms (cache miss)
1280 http fetch GET 200 https://registry.npmjs.org/@radix-ui/primitive/-/primitive-1.1.3.tgz 17182ms (cache miss)
1281 http fetch GET 200 https://registry.npmjs.org/@radix-ui/react-primitive/-/react-primitive-2.0.3.tgz 17199ms (cache miss)
1282 http fetch GET 200 https://registry.npmjs.org/@radix-ui/primitive/-/primitive-1.1.3.tgz 17189ms (cache miss)
1283 http fetch GET 200 https://registry.npmjs.org/@radix-ui/primitive/-/primitive-1.1.3.tgz 17189ms (cache miss)
1284 http fetch GET 200 https://registry.npmjs.org/@radix-ui/react-portal/-/react-portal-1.1.5.tgz 17204ms (cache miss)
1285 http fetch GET 200 https://registry.npmjs.org/@radix-ui/react-dismissable-layer/-/react-dismissable-layer-1.1.6.tgz 17205ms (cache miss)
1286 http fetch GET 200 https://registry.npmjs.org/@radix-ui/react-use-controllable-state/-/react-use-controllable-state-1.2.2.tgz 17197ms (cache miss)
1287 http fetch GET 200 https://registry.npmjs.org/@babel/traverse/-/traverse-7.28.4.tgz 17527ms (cache miss)
1288 http fetch GET 200 https://registry.npmjs.org/@radix-ui/react-collection/-/react-collection-1.1.3.tgz 17482ms (cache miss)
1289 http fetch GET 200 https://registry.npmjs.org/@babel/generator/-/generator-7.28.3.tgz 17782ms (cache miss)
1290 http fetch GET 200 https://registry.npmjs.org/@radix-ui/react-use-controllable-state/-/react-use-controllable-state-1.2.2.tgz 17779ms (cache miss)
1291 http fetch GET 200 https://registry.npmjs.org/@radix-ui/primitive/-/primitive-1.1.3.tgz 18106ms (cache miss)
1292 http fetch GET 200 https://registry.npmjs.org/@radix-ui/primitive/-/primitive-1.1.3.tgz 18113ms (cache miss)
1293 http fetch GET 200 https://registry.npmjs.org/@radix-ui/primitive/-/primitive-1.1.3.tgz 18108ms (cache miss)
1294 http fetch GET 200 https://registry.npmjs.org/@radix-ui/react-slot/-/react-slot-1.2.3.tgz 18149ms (cache miss)
1295 http fetch GET 200 https://registry.npmjs.org/@radix-ui/react-use-controllable-state/-/react-use-controllable-state-1.2.2.tgz 18126ms (cache miss)
1296 http fetch GET 200 https://registry.npmjs.org/@radix-ui/react-presence/-/react-presence-1.1.3.tgz 18148ms (cache miss)
1297 http fetch GET 200 https://registry.npmjs.org/@radix-ui/primitive/-/primitive-1.1.3.tgz 18138ms (cache miss)
1298 http fetch GET 200 https://registry.npmjs.org/@radix-ui/react-slot/-/react-slot-1.2.3.tgz 18147ms (cache miss)
1299 http fetch GET 200 https://registry.npmjs.org/@radix-ui/react-slot/-/react-slot-1.2.3.tgz 18165ms (cache miss)
1300 http fetch GET 200 https://registry.npmjs.org/@radix-ui/react-use-controllable-state/-/react-use-controllable-state-1.2.2.tgz 18175ms (cache miss)
1301 http fetch GET 200 https://registry.npmjs.org/@radix-ui/react-use-controllable-state/-/react-use-controllable-state-1.2.2.tgz 18179ms (cache miss)
1302 http fetch GET 200 https://registry.npmjs.org/@radix-ui/react-use-controllable-state/-/react-use-controllable-state-1.2.2.tgz 18320ms (cache miss)
1303 http fetch GET 200 https://registry.npmjs.org/@radix-ui/primitive/-/primitive-1.1.3.tgz 18340ms (cache miss)
1304 http fetch GET 200 https://registry.npmjs.org/@radix-ui/primitive/-/primitive-1.1.3.tgz 18343ms (cache miss)
1305 http fetch GET 200 https://registry.npmjs.org/@radix-ui/primitive/-/primitive-1.1.3.tgz 18339ms (cache miss)
1306 http fetch GET 200 https://registry.npmjs.org/@radix-ui/react-use-controllable-state/-/react-use-controllable-state-1.2.2.tgz 18363ms (cache miss)
1307 http fetch GET 200 https://registry.npmjs.org/@radix-ui/primitive/-/primitive-1.1.3.tgz 18378ms (cache miss)
1308 http fetch GET 200 https://registry.npmjs.org/@radix-ui/react-use-controllable-state/-/react-use-controllable-state-1.2.2.tgz 18426ms (cache miss)
1309 http fetch GET 200 https://registry.npmjs.org/@radix-ui/primitive/-/primitive-1.1.3.tgz 18452ms (cache miss)
1310 http fetch GET 200 https://registry.npmjs.org/@radix-ui/react-context/-/react-context-1.1.3.tgz 18440ms (cache miss)
1311 http fetch GET 200 https://registry.npmjs.org/@radix-ui/react-slot/-/react-slot-1.2.3.tgz 18485ms (cache miss)
1312 http fetch GET 200 https://registry.npmjs.org/@radix-ui/primitive/-/primitive-1.1.3.tgz 18637ms (cache miss)
1313 http fetch GET 200 https://registry.npmjs.org/@radix-ui/primitive/-/primitive-1.1.3.tgz 18649ms (cache miss)
1314 http fetch GET 200 https://registry.npmjs.org/@radix-ui/primitive/-/primitive-1.1.3.tgz 18652ms (cache miss)
1315 http fetch GET 200 https://registry.npmjs.org/@radix-ui/react-use-controllable-state/-/react-use-controllable-state-1.2.2.tgz 18648ms (cache miss)
1316 http fetch GET 200 https://registry.npmjs.org/@radix-ui/react-use-controllable-state/-/react-use-controllable-state-1.2.2.tgz 18653ms (cache miss)
1317 http fetch GET 200 https://registry.npmjs.org/@radix-ui/react-use-controllable-state/-/react-use-controllable-state-1.2.2.tgz 18656ms (cache miss)
1318 http fetch GET 200 https://registry.npmjs.org/@radix-ui/primitive/-/primitive-1.1.3.tgz 18748ms (cache miss)
1319 http fetch GET 200 https://registry.npmjs.org/@radix-ui/react-slot/-/react-slot-1.2.3.tgz 18754ms (cache miss)
1320 http fetch GET 200 https://registry.npmjs.org/@radix-ui/react-slot/-/react-slot-1.2.3.tgz 18753ms (cache miss)
1321 http fetch GET 200 https://registry.npmjs.org/@radix-ui/react-primitive/-/react-primitive-2.1.4.tgz 18840ms (cache miss)
1322 http fetch GET 200 https://registry.npmjs.org/@radix-ui/react-use-controllable-state/-/react-use-controllable-state-1.2.2.tgz 18931ms (cache miss)
1323 http fetch GET 200 https://registry.npmjs.org/@radix-ui/primitive/-/primitive-1.1.3.tgz 18938ms (cache miss)
1324 http fetch GET 200 https://registry.npmjs.org/@radix-ui/react-slot/-/react-slot-1.2.3.tgz 18963ms (cache miss)
1325 http fetch GET 200 https://registry.npmjs.org/@radix-ui/react-primitive/-/react-primitive-2.1.4.tgz 18997ms (cache miss)
1326 http fetch GET 200 https://registry.npmjs.org/@radix-ui/primitive/-/primitive-1.1.3.tgz 18986ms (cache miss)
1327 http fetch GET 200 https://registry.npmjs.org/@radix-ui/primitive/-/primitive-1.1.3.tgz 18981ms (cache miss)
1328 http fetch GET 200 https://registry.npmjs.org/@radix-ui/react-primitive/-/react-primitive-2.1.4.tgz 19001ms (cache miss)
1329 http fetch GET 200 https://registry.npmjs.org/@radix-ui/react-context/-/react-context-1.1.3.tgz 19000ms (cache miss)
1330 http fetch GET 200 https://registry.npmjs.org/@radix-ui/react-slot/-/react-slot-1.2.3.tgz 19003ms (cache miss)
1331 http fetch GET 200 https://registry.npmjs.org/@radix-ui/react-use-controllable-state/-/react-use-controllable-state-1.2.2.tgz 19001ms (cache miss)
1332 http fetch GET 200 https://registry.npmjs.org/@radix-ui/primitive/-/primitive-1.1.3.tgz 19012ms (cache miss)
1333 http fetch GET 200 https://registry.npmjs.org/@radix-ui/primitive/-/primitive-1.1.3.tgz 19013ms (cache miss)
1334 http fetch GET 200 https://registry.npmjs.org/esbuild/-/esbuild-0.18.20.tgz 19086ms (cache miss)
1335 http fetch GET 200 https://registry.npmjs.org/@radix-ui/react-primitive/-/react-primitive-2.1.4.tgz 19097ms (cache miss)
1336 http fetch GET 200 https://registry.npmjs.org/lodash 17590ms (cache miss)
1337 silly packumentCache corgi:https://registry.npmjs.org/lodash set size:undefined disposed:false
1338 http fetch GET 200 https://registry.npmjs.org/@radix-ui/react-use-controllable-state/-/react-use-controllable-state-1.2.2.tgz 19089ms (cache miss)
1339 http fetch GET 200 https://registry.npmjs.org/@radix-ui/react-use-controllable-state/-/react-use-controllable-state-1.2.2.tgz 19233ms (cache miss)
1340 http fetch GET 200 https://registry.npmjs.org/esbuild 17935ms (cache miss)
1341 silly packumentCache corgi:https://registry.npmjs.org/esbuild set size:undefined disposed:false
1342 silly packumentCache corgi:https://registry.npmjs.org/@esbuild-kit%2fcore-utils cache-miss
1343 http fetch GET 200 https://registry.npmjs.org/@tanstack/query-core/-/query-core-5.60.5.tgz 19971ms (cache miss)
1344 http fetch GET 200 https://registry.npmjs.org/recharts/-/recharts-2.15.4.tgz 20733ms (cache miss)
1345 http fetch GET 200 https://registry.npmjs.org/typescript/-/typescript-5.6.3.tgz 21327ms (cache miss)
1346 http fetch GET 200 https://registry.npmjs.org/@tanstack/react-query/-/react-query-5.60.5.tgz 20807ms (cache miss)
1347 http fetch GET 200 https://registry.npmjs.org/victory-vendor/-/victory-vendor-36.9.2.tgz 21470ms (cache miss)
1348 http fetch GET 200 https://registry.npmjs.org/@esbuild-kit%2fcore-utils 1369ms (cache miss)
1349 silly packumentCache corgi:https://registry.npmjs.org/@esbuild-kit%2fcore-utils set size:undefined disposed:false
1350 silly packumentCache corgi:https://registry.npmjs.org/recharts cache-miss
1351 http fetch GET 200 https://registry.npmjs.org/lodash/-/lodash-4.17.21.tgz 21815ms (cache miss)
1352 http fetch GET 200 https://registry.npmjs.org/@radix-ui/react-primitive/-/react-primitive-2.1.4.tgz 21208ms (cache miss)
1353 http fetch GET 200 https://registry.npmjs.org/@babel/core/-/core-7.28.4.tgz 21515ms (cache miss)
1354 http fetch GET 200 https://registry.npmjs.org/@babel/runtime/-/runtime-7.28.4.tgz 21894ms (cache miss)
1355 http fetch GET 200 https://registry.npmjs.org/recharts 862ms (cache miss)
1356 silly packumentCache corgi:https://registry.npmjs.org/recharts set size:undefined disposed:false
1357 http fetch GET 200 https://registry.npmjs.org/framer-motion/-/framer-motion-12.23.24.tgz 22688ms (cache miss)
1358 silly packumentCache corgi:https://registry.npmjs.org/@esbuild-kit%2fesm-loader cache-miss
1359 http fetch GET 200 https://registry.npmjs.org/@babel/types/-/types-7.28.4.tgz 22451ms (cache miss)
1360 http fetch GET 200 https://registry.npmjs.org/@esbuild/darwin-x64/-/darwin-x64-0.18.20.tgz 22431ms (cache miss)
1361 http fetch GET 200 https://registry.npmjs.org/@babel/helpers/-/helpers-7.28.4.tgz 22732ms (cache miss)
1362 http fetch GET 200 https://registry.npmjs.org/@esbuild/darwin-x64/-/darwin-x64-0.25.9.tgz 22898ms (cache miss)
1363 http fetch GET 200 https://registry.npmjs.org/@esbuild-kit%2fesm-loader 949ms (cache miss)
1364 silly packumentCache corgi:https://registry.npmjs.org/@esbuild-kit%2fesm-loader set size:undefined disposed:false
1365 silly packumentCache corgi:https://registry.npmjs.org/drizzle-kit cache-miss
1366 http fetch GET 200 https://registry.npmjs.org/drizzle-kit 804ms (cache miss)
1367 silly packumentCache corgi:https://registry.npmjs.org/drizzle-kit set size:undefined disposed:false
1368 http fetch GET 200 https://registry.npmjs.org/@hookform/resolvers/-/resolvers-3.10.0.tgz 24783ms (cache miss)
1369 http fetch GET 200 https://registry.npmjs.org/zod/-/zod-3.25.76.tgz 25941ms (cache miss)
1370 http fetch GET 200 https://registry.npmjs.org/caniuse-lite/-/caniuse-lite-1.0.30001753.tgz 26183ms (cache miss)
1371 http fetch GET 200 https://registry.npmjs.org/react-day-picker/-/react-day-picker-9.11.1.tgz 26989ms (cache miss)
1372 http fetch GET 200 https://registry.npmjs.org/date-fns-jalali/-/date-fns-jalali-4.1.0-0.tgz 29867ms (cache miss)
1373 http fetch GET 200 https://registry.npmjs.org/drizzle-orm/-/drizzle-orm-0.39.3.tgz 30877ms (cache miss)
1374 http fetch GET 200 https://registry.npmjs.org/date-fns/-/date-fns-3.6.0.tgz 38523ms (cache miss)
1375 http fetch GET 200 https://registry.npmjs.org/date-fns/-/date-fns-4.1.0.tgz 40061ms (cache miss)
1376 http fetch GET 200 https://registry.npmjs.org/lucide-react/-/lucide-react-0.545.0.tgz 41388ms (cache miss)
1377 info run esbuild@0.25.9 postinstall node_modules/esbuild node install.js
1378 info run esbuild@0.18.20 postinstall node_modules/@esbuild-kit/core-utils/node_modules/esbuild node install.js
1379 info run esbuild@0.25.9 postinstall { code: 0, signal: null }
1380 info run esbuild@0.18.20 postinstall { code: 0, signal: null }
1381 silly ADD node_modules/zod-validation-error
1382 silly ADD node_modules/zod
1383 silly ADD node_modules/yallist
1384 silly ADD node_modules/xtend
1385 silly ADD node_modules/ws
1386 silly ADD node_modules/wouter
1387 silly ADD node_modules/vite
1388 silly ADD node_modules/victory-vendor
1389 silly ADD node_modules/vaul
1390 silly ADD node_modules/vary
1391 silly ADD node_modules/utils-merge
1392 silly ADD node_modules/use-sync-external-store
1393 silly ADD node_modules/use-sidecar
1394 silly ADD node_modules/use-callback-ref
1395 silly ADD node_modules/update-browserslist-db
1396 silly ADD node_modules/unpipe
1397 silly ADD node_modules/undici-types
1398 silly ADD node_modules/uid-safe
1399 silly ADD node_modules/typescript
1400 silly ADD node_modules/type-is
1401 silly ADD node_modules/tw-animate-css
1402 silly ADD node_modules/tsx
1403 silly ADD node_modules/tslib
1404 silly ADD node_modules/toidentifier
1405 silly ADD node_modules/tinyglobby
1406 silly ADD node_modules/tiny-invariant
1407 silly ADD node_modules/tapable
1408 silly ADD node_modules/tailwindcss-animate
1409 silly ADD node_modules/tailwindcss
1410 silly ADD node_modules/tailwind-merge
1411 silly ADD node_modules/statuses
1412 silly ADD node_modules/split2
1413 silly ADD node_modules/source-map-support
1414 silly ADD node_modules/source-map-js
1415 silly ADD node_modules/source-map
1416 silly ADD node_modules/sonner
1417 silly ADD node_modules/side-channel-weakmap
1418 silly ADD node_modules/side-channel-map
1419 silly ADD node_modules/side-channel-list
1420 silly ADD node_modules/side-channel
1421 silly ADD node_modules/setprototypeof
1422 silly ADD node_modules/serve-static
1423 silly ADD node_modules/send
1424 silly ADD node_modules/send/node_modules/encodeurl
1425 silly ADD node_modules/send/node_modules/debug
1426 silly ADD node_modules/send/node_modules/debug/node_modules/ms
1427 silly ADD node_modules/semver
1428 silly ADD node_modules/scheduler
1429 silly ADD node_modules/safer-buffer
1430 silly ADD node_modules/safe-buffer
1431 silly ADD node_modules/rollup
1432 silly ADD node_modules/resolve-pkg-maps
1433 silly ADD node_modules/regexparam
1434 silly ADD node_modules/recharts-scale
1435 silly ADD node_modules/recharts
1436 silly ADD node_modules/react-transition-group
1437 silly ADD node_modules/react-style-singleton
1438 silly ADD node_modules/react-smooth
1439 silly ADD node_modules/react-resizable-panels
1440 silly ADD node_modules/react-remove-scroll-bar
1441 silly ADD node_modules/react-remove-scroll
1442 silly ADD node_modules/react-refresh
1443 silly ADD node_modules/react-is
1444 silly ADD node_modules/react-hook-form
1445 silly ADD node_modules/react-dom
1446 silly ADD node_modules/react-day-picker
1447 silly ADD node_modules/react-day-picker/node_modules/date-fns
1448 silly ADD node_modules/react
1449 silly ADD node_modules/raw-body
1450 silly ADD node_modules/raw-body/node_modules/statuses
1451 silly ADD node_modules/raw-body/node_modules/http-errors
1452 silly ADD node_modules/range-parser
1453 silly ADD node_modules/random-bytes
1454 silly ADD node_modules/qs
1455 silly ADD node_modules/pseudomap
1456 silly ADD node_modules/proxy-addr
1457 silly ADD node_modules/prop-types
1458 silly ADD node_modules/prop-types/node_modules/react-is
1459 silly ADD node_modules/postgres-range
1460 silly ADD node_modules/postgres-interval
1461 silly ADD node_modules/postgres-date
1462 silly ADD node_modules/postgres-bytea
1463 silly ADD node_modules/postgres-array
1464 silly ADD node_modules/postcss-value-parser
1465 silly ADD node_modules/postcss
1466 silly ADD node_modules/picomatch
1467 silly ADD node_modules/picocolors
1468 silly ADD node_modules/pgpass
1469 silly ADD node_modules/pg-types
1470 silly ADD node_modules/pg-protocol
1471 silly ADD node_modules/pg-pool
1472 silly ADD node_modules/pg-numeric
1473 silly ADD node_modules/pg-int8
1474 silly ADD node_modules/pg-connection-string
1475 silly ADD node_modules/pg-cloudflare
1476 silly ADD node_modules/pg
1477 silly ADD node_modules/pg/node_modules/postgres-interval
1478 silly ADD node_modules/pg/node_modules/postgres-date
1479 silly ADD node_modules/pg/node_modules/postgres-bytea
1480 silly ADD node_modules/pg/node_modules/postgres-array
1481 silly ADD node_modules/pg/node_modules/pg-types
1482 silly ADD node_modules/pause
1483 silly ADD node_modules/path-to-regexp
1484 silly ADD node_modules/passport-strategy
1485 silly ADD node_modules/passport-local
1486 silly ADD node_modules/passport
1487 silly ADD node_modules/parseurl
1488 silly ADD node_modules/on-headers
1489 silly ADD node_modules/on-finished
1490 silly ADD node_modules/obuf
1491 silly ADD node_modules/object-inspect
1492 silly ADD node_modules/object-assign
1493 silly ADD node_modules/normalize-range
1494 silly ADD node_modules/node-releases
1495 silly ADD node_modules/node-gyp-build
1496 silly ADD node_modules/next-themes
1497 silly ADD node_modules/negotiator
1498 silly ADD node_modules/nanoid
1499 silly ADD node_modules/ms
1500 silly ADD node_modules/motion-utils
1501 silly ADD node_modules/motion-dom
1502 silly ADD node_modules/modern-screenshot
1503 silly ADD node_modules/mitt
1504 silly ADD node_modules/mime-types
1505 silly ADD node_modules/mime-db
1506 silly ADD node_modules/mime
1507 silly ADD node_modules/methods
1508 silly ADD node_modules/merge-descriptors
1509 silly ADD node_modules/memorystore
1510 silly ADD node_modules/memorystore/node_modules/yallist
1511 silly ADD node_modules/memorystore/node_modules/lru-cache
1512 silly ADD node_modules/media-typer
1513 silly ADD node_modules/math-intrinsics
1514 silly ADD node_modules/magic-string
1515 silly ADD node_modules/lucide-react
1516 silly ADD node_modules/lru-cache
1517 silly ADD node_modules/loose-envify
1518 silly ADD node_modules/lodash
1519 silly ADD node_modules/lightningcss-darwin-x64
1520 silly ADD node_modules/lightningcss
1521 silly ADD node_modules/json5
1522 silly ADD node_modules/jsesc
1523 silly ADD node_modules/js-tokens
1524 silly ADD node_modules/jiti
1525 silly ADD node_modules/ipaddr.js
1526 silly ADD node_modules/internmap
1527 silly ADD node_modules/input-otp
1528 silly ADD node_modules/inherits
1529 silly ADD node_modules/iconv-lite
1530 silly ADD node_modules/http-errors
1531 silly ADD node_modules/hasown
1532 silly ADD node_modules/has-symbols
1533 silly ADD node_modules/graceful-fs
1534 silly ADD node_modules/gopd
1535 silly ADD node_modules/get-tsconfig
1536 silly ADD node_modules/get-proto
1537 silly ADD node_modules/get-nonce
1538 silly ADD node_modules/get-intrinsic
1539 silly ADD node_modules/gensync
1540 silly ADD node_modules/function-bind
1541 silly ADD node_modules/fsevents
1542 silly ADD node_modules/fresh
1543 silly ADD node_modules/framer-motion
1544 silly ADD node_modules/fraction.js
1545 silly ADD node_modules/forwarded
1546 silly ADD node_modules/finalhandler
1547 silly ADD node_modules/finalhandler/node_modules/ms
1548 silly ADD node_modules/finalhandler/node_modules/debug
1549 silly ADD node_modules/fdir
1550 silly ADD node_modules/fast-equals
1551 silly ADD node_modules/express-session
1552 silly ADD node_modules/express-session/node_modules/ms
1553 silly ADD node_modules/express-session/node_modules/debug
1554 silly ADD node_modules/express-session/node_modules/cookie-signature
1555 silly ADD node_modules/express-session/node_modules/cookie
1556 silly ADD node_modules/express
1557 silly ADD node_modules/express/node_modules/ms
1558 silly ADD node_modules/express/node_modules/debug
1559 silly ADD node_modules/eventemitter3
1560 silly ADD node_modules/etag
1561 silly ADD node_modules/escape-html
1562 silly ADD node_modules/escalade
1563 silly ADD node_modules/esbuild-register
1564 silly ADD node_modules/esbuild
1565 silly ADD node_modules/es-object-atoms
1566 silly ADD node_modules/es-errors
1567 silly ADD node_modules/es-define-property
1568 silly ADD node_modules/enhanced-resolve
1569 silly ADD node_modules/encodeurl
1570 silly ADD node_modules/embla-carousel-reactive-utils
1571 silly ADD node_modules/embla-carousel-react
1572 silly ADD node_modules/embla-carousel
1573 silly ADD node_modules/electron-to-chromium
1574 silly ADD node_modules/ee-first
1575 silly ADD node_modules/dunder-proto
1576 silly ADD node_modules/drizzle-zod
1577 silly ADD node_modules/drizzle-orm
1578 silly ADD node_modules/drizzle-kit
1579 silly ADD node_modules/dom-helpers
1580 silly ADD node_modules/detect-node-es
1581 silly ADD node_modules/detect-libc
1582 silly ADD node_modules/destroy
1583 silly ADD node_modules/depd
1584 silly ADD node_modules/decimal.js-light
1585 silly ADD node_modules/debug
1586 silly ADD node_modules/date-fns-jalali
1587 silly ADD node_modules/date-fns
1588 silly ADD node_modules/d3-timer
1589 silly ADD node_modules/d3-time-format
1590 silly ADD node_modules/d3-time
1591 silly ADD node_modules/d3-shape
1592 silly ADD node_modules/d3-scale
1593 silly ADD node_modules/d3-path
1594 silly ADD node_modules/d3-interpolate
1595 silly ADD node_modules/d3-format
1596 silly ADD node_modules/d3-ease
1597 silly ADD node_modules/d3-color
1598 silly ADD node_modules/d3-array
1599 silly ADD node_modules/csstype
1600 silly ADD node_modules/cookie-signature
1601 silly ADD node_modules/cookie
1602 silly ADD node_modules/convert-source-map
1603 silly ADD node_modules/content-type
1604 silly ADD node_modules/content-disposition
1605 silly ADD node_modules/connect-pg-simple
1606 silly ADD node_modules/cmdk
1607 silly ADD node_modules/clsx
1608 silly ADD node_modules/class-variance-authority
1609 silly ADD node_modules/caniuse-lite
1610 silly ADD node_modules/call-bound
1611 silly ADD node_modules/call-bind-apply-helpers
1612 silly ADD node_modules/bytes
1613 silly ADD node_modules/buffer-from
1614 silly ADD node_modules/browserslist
1615 silly ADD node_modules/body-parser
1616 silly ADD node_modules/body-parser/node_modules/statuses
1617 silly ADD node_modules/body-parser/node_modules/ms
1618 silly ADD node_modules/body-parser/node_modules/http-errors
1619 silly ADD node_modules/body-parser/node_modules/debug
1620 silly ADD node_modules/baseline-browser-mapping
1621 silly ADD node_modules/autoprefixer
1622 silly ADD node_modules/array-flatten
1623 silly ADD node_modules/aria-hidden
1624 silly ADD node_modules/accepts
1625 silly ADD node_modules/@vitejs/plugin-react
1626 silly ADD node_modules/@types/ws
1627 silly ADD node_modules/@types/serve-static
1628 silly ADD node_modules/@types/send
1629 silly ADD node_modules/@types/react-dom
1630 silly ADD node_modules/@types/react
1631 silly ADD node_modules/@types/range-parser
1632 silly ADD node_modules/@types/qs
1633 silly ADD node_modules/@types/pg
1634 silly ADD node_modules/@types/passport-strategy
1635 silly ADD node_modules/@types/passport-local
1636 silly ADD node_modules/@types/passport
1637 silly ADD node_modules/@types/node
1638 silly ADD node_modules/@types/mime
1639 silly ADD node_modules/@types/http-errors
1640 silly ADD node_modules/@types/express-session
1641 silly ADD node_modules/@types/express-serve-static-core
1642 silly ADD node_modules/@types/express
1643 silly ADD node_modules/@types/estree
1644 silly ADD node_modules/@types/d3-timer
1645 silly ADD node_modules/@types/d3-time
1646 silly ADD node_modules/@types/d3-shape
1647 silly ADD node_modules/@types/d3-scale
1648 silly ADD node_modules/@types/d3-path
1649 silly ADD node_modules/@types/d3-interpolate
1650 silly ADD node_modules/@types/d3-ease
1651 silly ADD node_modules/@types/d3-color
1652 silly ADD node_modules/@types/d3-array
1653 silly ADD node_modules/@types/connect-pg-simple
1654 silly ADD node_modules/@types/connect
1655 silly ADD node_modules/@types/body-parser
1656 silly ADD node_modules/@types/babel__traverse
1657 silly ADD node_modules/@types/babel__template
1658 silly ADD node_modules/@types/babel__generator
1659 silly ADD node_modules/@types/babel__core
1660 silly ADD node_modules/@tanstack/react-query
1661 silly ADD node_modules/@tanstack/query-core
1662 silly ADD node_modules/@tailwindcss/vite
1663 silly ADD node_modules/@tailwindcss/oxide-darwin-x64
1664 silly ADD node_modules/@tailwindcss/oxide
1665 silly ADD node_modules/@tailwindcss/node
1666 silly ADD node_modules/@rollup/rollup-darwin-x64
1667 silly ADD node_modules/@rolldown/pluginutils
1668 silly ADD node_modules/@replit/vite-plugin-runtime-error-modal
1669 silly ADD node_modules/@replit/vite-plugin-dev-banner
1670 silly ADD node_modules/@replit/vite-plugin-cartographer
1671 silly ADD node_modules/@radix-ui/rect
1672 silly ADD node_modules/@radix-ui/react-visually-hidden
1673 silly ADD node_modules/@radix-ui/react-use-size
1674 silly ADD node_modules/@radix-ui/react-use-rect
1675 silly ADD node_modules/@radix-ui/react-use-previous
1676 silly ADD node_modules/@radix-ui/react-use-layout-effect
1677 silly ADD node_modules/@radix-ui/react-use-is-hydrated
1678 silly ADD node_modules/@radix-ui/react-use-escape-keydown
1679 silly ADD node_modules/@radix-ui/react-use-effect-event
1680 silly ADD node_modules/@radix-ui/react-use-controllable-state
1681 silly ADD node_modules/@radix-ui/react-use-callback-ref
1682 silly ADD node_modules/@radix-ui/react-tooltip
1683 silly ADD node_modules/@radix-ui/react-tooltip/node_modules/@radix-ui/react-use-controllable-state
1684 silly ADD node_modules/@radix-ui/react-tooltip/node_modules/@radix-ui/react-slot
1685 silly ADD node_modules/@radix-ui/react-tooltip/node_modules/@radix-ui/primitive
1686 silly ADD node_modules/@radix-ui/react-toggle-group
1687 silly ADD node_modules/@radix-ui/react-toggle-group/node_modules/@radix-ui/react-use-controllable-state
1688 silly ADD node_modules/@radix-ui/react-toggle-group/node_modules/@radix-ui/primitive
1689 silly ADD node_modules/@radix-ui/react-toggle
1690 silly ADD node_modules/@radix-ui/react-toggle/node_modules/@radix-ui/react-use-controllable-state
1691 silly ADD node_modules/@radix-ui/react-toggle/node_modules/@radix-ui/primitive
1692 silly ADD node_modules/@radix-ui/react-toast
1693 silly ADD node_modules/@radix-ui/react-toast/node_modules/@radix-ui/react-visually-hidden
1694 silly ADD node_modules/@radix-ui/react-toast/node_modules/@radix-ui/react-slot
1695 silly ADD node_modules/@radix-ui/react-toast/node_modules/@radix-ui/react-primitive
1696 silly ADD node_modules/@radix-ui/react-toast/node_modules/@radix-ui/react-presence
1697 silly ADD node_modules/@radix-ui/react-toast/node_modules/@radix-ui/react-portal
1698 silly ADD node_modules/@radix-ui/react-toast/node_modules/@radix-ui/react-dismissable-layer
1699 silly ADD node_modules/@radix-ui/react-toast/node_modules/@radix-ui/react-collection
1700 silly ADD node_modules/@radix-ui/react-tabs
1701 silly ADD node_modules/@radix-ui/react-tabs/node_modules/@radix-ui/react-use-controllable-state
1702 silly ADD node_modules/@radix-ui/react-tabs/node_modules/@radix-ui/primitive
1703 silly ADD node_modules/@radix-ui/react-switch
1704 silly ADD node_modules/@radix-ui/react-switch/node_modules/@radix-ui/react-use-controllable-state
1705 silly ADD node_modules/@radix-ui/react-switch/node_modules/@radix-ui/primitive
1706 silly ADD node_modules/@radix-ui/react-slot
1707 silly ADD node_modules/@radix-ui/react-slider
1708 silly ADD node_modules/@radix-ui/react-slider/node_modules/@radix-ui/react-use-controllable-state
1709 silly ADD node_modules/@radix-ui/react-slider/node_modules/@radix-ui/primitive
1710 silly ADD node_modules/@radix-ui/react-separator
1711 silly ADD node_modules/@radix-ui/react-separator/node_modules/@radix-ui/react-primitive
1712 silly ADD node_modules/@radix-ui/react-select
1713 silly ADD node_modules/@radix-ui/react-select/node_modules/@radix-ui/react-use-controllable-state
1714 silly ADD node_modules/@radix-ui/react-select/node_modules/@radix-ui/react-slot
1715 silly ADD node_modules/@radix-ui/react-select/node_modules/@radix-ui/primitive
1716 silly ADD node_modules/@radix-ui/react-scroll-area
1717 silly ADD node_modules/@radix-ui/react-scroll-area/node_modules/@radix-ui/primitive
1718 silly ADD node_modules/@radix-ui/react-roving-focus
1719 silly ADD node_modules/@radix-ui/react-roving-focus/node_modules/@radix-ui/react-use-controllable-state
1720 silly ADD node_modules/@radix-ui/react-roving-focus/node_modules/@radix-ui/primitive
1721 silly ADD node_modules/@radix-ui/react-radio-group
1722 silly ADD node_modules/@radix-ui/react-radio-group/node_modules/@radix-ui/react-use-controllable-state
1723 silly ADD node_modules/@radix-ui/react-radio-group/node_modules/@radix-ui/primitive
1724 silly ADD node_modules/@radix-ui/react-progress
1725 silly ADD node_modules/@radix-ui/react-progress/node_modules/@radix-ui/react-primitive
1726 silly ADD node_modules/@radix-ui/react-progress/node_modules/@radix-ui/react-context
1727 silly ADD node_modules/@radix-ui/react-primitive
1728 silly ADD node_modules/@radix-ui/react-primitive/node_modules/@radix-ui/react-slot
1729 silly ADD node_modules/@radix-ui/react-presence
1730 silly ADD node_modules/@radix-ui/react-portal
1731 silly ADD node_modules/@radix-ui/react-popper
1732 silly ADD node_modules/@radix-ui/react-popover
1733 silly ADD node_modules/@radix-ui/react-popover/node_modules/@radix-ui/react-use-controllable-state
1734 silly ADD node_modules/@radix-ui/react-popover/node_modules/@radix-ui/react-slot
1735 silly ADD node_modules/@radix-ui/react-popover/node_modules/@radix-ui/primitive
1736 silly ADD node_modules/@radix-ui/react-navigation-menu
1737 silly ADD node_modules/@radix-ui/react-navigation-menu/node_modules/@radix-ui/react-use-controllable-state
1738 silly ADD node_modules/@radix-ui/react-navigation-menu/node_modules/@radix-ui/primitive
1739 silly ADD node_modules/@radix-ui/react-menubar
1740 silly ADD node_modules/@radix-ui/react-menubar/node_modules/@radix-ui/react-use-controllable-state
1741 silly ADD node_modules/@radix-ui/react-menubar/node_modules/@radix-ui/primitive
1742 silly ADD node_modules/@radix-ui/react-menu
1743 silly ADD node_modules/@radix-ui/react-menu/node_modules/@radix-ui/react-slot
1744 silly ADD node_modules/@radix-ui/react-menu/node_modules/@radix-ui/primitive
1745 silly ADD node_modules/@radix-ui/react-label
1746 silly ADD node_modules/@radix-ui/react-label/node_modules/@radix-ui/react-primitive
1747 silly ADD node_modules/@radix-ui/react-id
1748 silly ADD node_modules/@radix-ui/react-hover-card
1749 silly ADD node_modules/@radix-ui/react-hover-card/node_modules/@radix-ui/react-use-controllable-state
1750 silly ADD node_modules/@radix-ui/react-hover-card/node_modules/@radix-ui/primitive
1751 silly ADD node_modules/@radix-ui/react-focus-scope
1752 silly ADD node_modules/@radix-ui/react-focus-guards
1753 silly ADD node_modules/@radix-ui/react-dropdown-menu
1754 silly ADD node_modules/@radix-ui/react-dropdown-menu/node_modules/@radix-ui/react-use-controllable-state
1755 silly ADD node_modules/@radix-ui/react-dropdown-menu/node_modules/@radix-ui/primitive
1756 silly ADD node_modules/@radix-ui/react-dismissable-layer
1757 silly ADD node_modules/@radix-ui/react-dismissable-layer/node_modules/@radix-ui/primitive
1758 silly ADD node_modules/@radix-ui/react-direction
1759 silly ADD node_modules/@radix-ui/react-dialog
1760 silly ADD node_modules/@radix-ui/react-dialog/node_modules/@radix-ui/react-use-controllable-state
1761 silly ADD node_modules/@radix-ui/react-dialog/node_modules/@radix-ui/react-slot
1762 silly ADD node_modules/@radix-ui/react-dialog/node_modules/@radix-ui/primitive
1763 silly ADD node_modules/@radix-ui/react-context-menu
1764 silly ADD node_modules/@radix-ui/react-context-menu/node_modules/@radix-ui/react-use-controllable-state
1765 silly ADD node_modules/@radix-ui/react-context-menu/node_modules/@radix-ui/primitive
1766 silly ADD node_modules/@radix-ui/react-context
1767 silly ADD node_modules/@radix-ui/react-compose-refs
1768 silly ADD node_modules/@radix-ui/react-collection
1769 silly ADD node_modules/@radix-ui/react-collection/node_modules/@radix-ui/react-slot
1770 silly ADD node_modules/@radix-ui/react-collapsible
1771 silly ADD node_modules/@radix-ui/react-collapsible/node_modules/@radix-ui/react-use-controllable-state
1772 silly ADD node_modules/@radix-ui/react-collapsible/node_modules/@radix-ui/primitive
1773 silly ADD node_modules/@radix-ui/react-checkbox
1774 silly ADD node_modules/@radix-ui/react-checkbox/node_modules/@radix-ui/react-use-controllable-state
1775 silly ADD node_modules/@radix-ui/react-checkbox/node_modules/@radix-ui/primitive
1776 silly ADD node_modules/@radix-ui/react-avatar
1777 silly ADD node_modules/@radix-ui/react-avatar/node_modules/@radix-ui/react-primitive
1778 silly ADD node_modules/@radix-ui/react-avatar/node_modules/@radix-ui/react-context
1779 silly ADD node_modules/@radix-ui/react-aspect-ratio
1780 silly ADD node_modules/@radix-ui/react-aspect-ratio/node_modules/@radix-ui/react-primitive
1781 silly ADD node_modules/@radix-ui/react-arrow
1782 silly ADD node_modules/@radix-ui/react-alert-dialog
1783 silly ADD node_modules/@radix-ui/react-alert-dialog/node_modules/@radix-ui/react-slot
1784 silly ADD node_modules/@radix-ui/react-alert-dialog/node_modules/@radix-ui/primitive
1785 silly ADD node_modules/@radix-ui/react-accordion
1786 silly ADD node_modules/@radix-ui/react-accordion/node_modules/@radix-ui/react-use-controllable-state
1787 silly ADD node_modules/@radix-ui/react-accordion/node_modules/@radix-ui/primitive
1788 silly ADD node_modules/@radix-ui/primitive
1789 silly ADD node_modules/@radix-ui/number
1790 silly ADD node_modules/@jridgewell/trace-mapping
1791 silly ADD node_modules/@jridgewell/sourcemap-codec
1792 silly ADD node_modules/@jridgewell/resolve-uri
1793 silly ADD node_modules/@jridgewell/remapping
1794 silly ADD node_modules/@jridgewell/gen-mapping
1795 silly ADD node_modules/@hookform/resolvers
1796 silly ADD node_modules/@floating-ui/utils
1797 silly ADD node_modules/@floating-ui/react-dom
1798 silly ADD node_modules/@floating-ui/dom
1799 silly ADD node_modules/@floating-ui/core
1800 silly ADD node_modules/@esbuild/darwin-x64
1801 silly ADD node_modules/@esbuild-kit/esm-loader
1802 silly ADD node_modules/@esbuild-kit/core-utils
1803 silly ADD node_modules/@esbuild-kit/core-utils/node_modules/esbuild
1804 silly ADD node_modules/@esbuild-kit/core-utils/node_modules/@esbuild/darwin-x64
1805 silly ADD node_modules/@drizzle-team/brocli
1806 silly ADD node_modules/@date-fns/tz
1807 silly ADD node_modules/@babel/types
1808 silly ADD node_modules/@babel/traverse
1809 silly ADD node_modules/@babel/template
1810 silly ADD node_modules/@babel/runtime
1811 silly ADD node_modules/@babel/plugin-transform-react-jsx-source
1812 silly ADD node_modules/@babel/plugin-transform-react-jsx-self
1813 silly ADD node_modules/@babel/parser
1814 silly ADD node_modules/@babel/helpers
1815 silly ADD node_modules/@babel/helper-validator-option
1816 silly ADD node_modules/@babel/helper-validator-identifier
1817 silly ADD node_modules/@babel/helper-string-parser
1818 silly ADD node_modules/@babel/helper-plugin-utils
1819 silly ADD node_modules/@babel/helper-module-transforms
1820 silly ADD node_modules/@babel/helper-module-imports
1821 silly ADD node_modules/@babel/helper-globals
1822 silly ADD node_modules/@babel/helper-compilation-targets
1823 silly ADD node_modules/@babel/generator
1824 silly ADD node_modules/@babel/core
1825 silly ADD node_modules/@babel/compat-data
1826 silly ADD node_modules/@babel/code-frame
1827 verbose cwd /Users/bhaeesma/Desktop/Luxury-Linkage
1828 verbose os Darwin 22.6.0
1829 verbose node v24.12.0
1830 verbose npm  v11.6.2
1831 notice
1831 notice New minor version of npm available! 11.6.2 -> 11.8.0
1831 notice Changelog: https://github.com/npm/cli/releases/tag/v11.8.0
1831 notice To update run: npm install -g npm@11.8.0
1831 notice  { force: true, Symbol(proc-log.meta): true }
1832 verbose exit 0
1833 info ok
